Inventory Report,,,,,,,,,,,,,,,,,Date:  6/5/26  10:15 AM EST   ,,
Inventory Date:  ,,1/1/00 to 5/31/26,,,,,,,,,,,,,,,,,
Account:  ,,Gould,,,,,,,,,,,,,,,,,
Plant:  ,,Webster City,,,,,,,,,,,,,,,,,
Paper Type:  ,,Rolls - All Paper Types,,,,,,,,,,,,,,,,,
Supplier:  ,,All Suppliers,,,,,,,,,,,,,,,,,
Definitions:  ,,Available: Not assigned;  Applied: Assigned but not consumed;  Rejected: Rejected but in plant;  WIP: Work In Process,,,,,,,,,,,,,,,,,
Sorted by:  ,,Printer and Stock Size,,,,,,,,,,,,,,,,,
Ownership,Printer,Plant,Received Date,Issue Date,End User PO#,Supplier,PO Number,Paper Type,Product Name,Grammage (g/m²),Roll Width,Roll ID,Roll Count,Available Quantity,Total Quantity,Price/mt,Cost,Net Price/mt,Net Cost
Supplier,Ogden Newspapers,Webster City,11/6/24,,,OVOL USA,,Hi-Brite,Norbrite 92,74 ,267.00 mm,JX803A,1,332,332,"$1,234.58",$409.88,$0.00,$0.00
Supplier,Ogden Newspapers,Webster City,11/6/24,,,OVOL USA,,Hi-Brite,Norbrite 92,74 ,267.00 mm,JX802,1,330,330,"$1,234.58",$407.41,$0.00,$0.00
Supplier,Ogden Newspapers,Webster City,11/6/24,,,OVOL USA,,Hi-Brite,Norbrite 92,74 ,267.00 mm,JX800A,1,331,331,"$1,234.58",$408.65,$0.00,$0.00
Supplier,Ogden Newspapers,Webster City,3/26/26,,,OVOL USA,6410033202611,Newsprint,Kap Paper Newsprint,45 ,267.00 mm,M346A18171B,1,137,137,$640.10,$87.69,$0.00,$0.00
Supplier,Ogden Newspapers,Webster City,3/26/26,,,OVOL USA,6410033202611,Newsprint,Kap Paper Newsprint,45 ,267.00 mm,M346A18153B,1,136,136,$640.10,$87.05,$0.00,$0.00
Supplier,Ogden Newspapers,Webster City,3/26/26,,,OVOL USA,6410033202611,Newsprint,Kap Paper Newsprint,45 ,267.00 mm,M346A18152B,1,136,136,$640.10,$87.05,$0.00,$0.00
Supplier,Ogden Newspapers,Webster City,3/26/26,,,OVOL USA,6410033202611,Newsprint,Kap Paper Newsprint,45 ,267.00 mm,M346A18151B,1,136,136,$640.10,$87.05,$0.00,$0.00
Supplier,Ogden Newspapers,Webster City,3/26/26,,,OVOL USA,6410033202611,Newsprint,Kap Paper Newsprint,45 ,267.00 mm,M346A18143B,1,137,137,$640.10,$87.69,$0.00,$0.00
Supplier,Ogden Newspapers,Webster City,3/26/26,,,OVOL USA,6410033202611,Newsprint,Kap Paper Newsprint,45 ,267.00 mm,M346A18142B,1,136,136,$640.10,$87.05,$0.00,$0.00
Supplier,Ogden Newspapers,Webster City,3/26/26,,,OVOL USA,6410033202611,Newsprint,Kap Paper Newsprint,45 ,267.00 mm,M346A18141B,1,136,136,$640.10,$87.05,$0.00,$0.00
Supplier,Ogden Newspapers,Webster City,3/26/26,,,OVOL USA,6410033202611,Newsprint,Kap Paper Newsprint,45 ,267.00 mm,M346A18123B,1,136,136,$640.10,$87.05,$0.00,$0.00
Supplier,Ogden Newspapers,Webster City,3/26/26,,,OVOL USA,6410033202611,Newsprint,Kap Paper Newsprint,45 ,267.00 mm,M346A18122B,1,136,136,$640.10,$87.05,$0.00,$0.00
Supplier,Ogden Newspapers,Webster City,3/26/26,,,OVOL USA,6410033202611,Newsprint,Kap Paper Newsprint,45 ,267.00 mm,M346A18121B,1,137,137,$640.10,$87.69,$0.00,$0.00
Supplier,Ogden Newspapers,Webster City,3/26/26,,,OVOL USA,6410033202611,Newsprint,Kap Paper Newsprint,45 ,267.00 mm,M346A18113B,1,137,137,$640.10,$87.69,$0.00,$0.00
Supplier,Ogden Newspapers,Webster City,3/26/26,,,OVOL USA,6410033202611,Newsprint,Kap Paper Newsprint,45 ,267.00 mm,M346A18112C,1,139,139,$640.10,$88.97,$0.00,$0.00
Supplier,Ogden Newspapers,Webster City,3/26/26,,,OVOL USA,6410033202611,Newsprint,Kap Paper Newsprint,45 ,267.00 mm,M346A18112B,1,140,140,$640.10,$89.61,$0.00,$0.00
Supplier,Ogden Newspapers,Webster City,3/26/26,,,OVOL USA,6410033202611,Newsprint,Kap Paper Newsprint,45 ,267.00 mm,M346A18111C,1,138,138,$640.10,$88.33,$0.00,$0.00
Supplier,Ogden Newspapers,Webster City,3/26/26,,,OVOL USA,6410033202611,Newsprint,Kap Paper Newsprint,45 ,267.00 mm,M346A18111B,1,138,138,$640.10,$88.33,$0.00,$0.00
Supplier,Ogden Newspapers,Webster City,3/26/26,,,OVOL USA,6410033202611,Newsprint,Kap Paper Newsprint,45 ,267.00 mm,M346A18103C,1,140,140,$640.10,$89.61,$0.00,$0.00
Supplier,Ogden Newspapers,Webster City,3/26/26,,,OVOL USA,6410033202611,Newsprint,Kap Paper Newsprint,45 ,267.00 mm,M346A18103B,1,141,141,$640.10,$90.25,$0.00,$0.00
Supplier,Ogden Newspapers,Webster City,3/26/26,,,OVOL USA,6410033202611,Newsprint,Kap Paper Newsprint,45 ,267.00 mm,M346A18091B,1,135,135,$640.10,$86.41,$0.00,$0.00
Supplier,Ogden Newspapers,Webster City,3/26/26,,,OVOL USA,6410033202611,Newsprint,Kap Paper Newsprint,45 ,267.00 mm,M346A18082C,1,140,140,$640.10,$89.61,$0.00,$0.00
Supplier,Ogden Newspapers,Webster City,3/26/26,,,OVOL USA,6410033202611,Newsprint,Kap Paper Newsprint,45 ,267.00 mm,M346A18082B,1,140,140,$640.10,$89.61,$0.00,$0.00
Supplier,Ogden Newspapers,Webster City,3/26/26,,,OVOL USA,6410033202611,Newsprint,Kap Paper Newsprint,45 ,267.00 mm,M346A18081C,1,140,140,$640.10,$89.61,$0.00,$0.00
Supplier,Ogden Newspapers,Webster City,3/26/26,,,OVOL USA,6410033202611,Newsprint,Kap Paper Newsprint,45 ,267.00 mm,M346A18081B,1,140,140,$640.10,$89.61,$0.00,$0.00
Supplier,Ogden Newspapers,Webster City,3/26/26,,,OVOL USA,6410033202611,Newsprint,Kap Paper Newsprint,45 ,267.00 mm,M346A18074C,1,142,142,$640.10,$90.89,$0.00,$0.00
Supplier,Ogden Newspapers,Webster City,3/26/26,,,OVOL USA,6410033202611,Newsprint,Kap Paper Newsprint,45 ,267.00 mm,M346A18074B,1,143,143,$640.10,$91.53,$0.00,$0.00
Supplier,Ogden Newspapers,Webster City,3/26/26,,,OVOL USA,6410033202611,Newsprint,Kap Paper Newsprint,45 ,267.00 mm,M346A18072C,1,140,140,$640.10,$89.61,$0.00,$0.00
Supplier,Ogden Newspapers,Webster City,3/26/26,,,OVOL USA,6410033202611,Newsprint,Kap Paper Newsprint,45 ,267.00 mm,M346A18072B,1,141,141,$640.10,$90.25,$0.00,$0.00
Supplier,Ogden Newspapers,Webster City,3/26/26,,,OVOL USA,6410033202611,Newsprint,Kap Paper Newsprint,45 ,267.00 mm,M346A18071C,1,138,138,$640.10,$88.33,$0.00,$0.00
Supplier,Ogden Newspapers,Webster City,3/26/26,,,OVOL USA,6410033202611,Newsprint,Kap Paper Newsprint,45 ,267.00 mm,M346A18071B,1,139,139,$640.10,$88.97,$0.00,$0.00
Supplier,Ogden Newspapers,Webster City,3/26/26,,,OVOL USA,6410033202611,Newsprint,Kap Paper Newsprint,45 ,267.00 mm,M346A18063C,1,142,142,$640.10,$90.89,$0.00,$0.00
Supplier,Ogden Newspapers,Webster City,3/26/26,,,OVOL USA,6410033202611,Newsprint,Kap Paper Newsprint,45 ,267.00 mm,M346A18063B,1,143,143,$640.10,$91.53,$0.00,$0.00
Supplier,Ogden Newspapers,Webster City,3/26/26,,,OVOL USA,6410033202611,Newsprint,Kap Paper Newsprint,45 ,267.00 mm,M346A18062C,1,140,140,$640.10,$89.61,$0.00,$0.00
Supplier,Ogden Newspapers,Webster City,3/26/26,,,OVOL USA,6410033202611,Newsprint,Kap Paper Newsprint,45 ,267.00 mm,M346A18062B,1,141,141,$640.10,$90.25,$0.00,$0.00
Supplier,Ogden Newspapers,Webster City,3/26/26,,,OVOL USA,6410033202611,Newsprint,Kap Paper Newsprint,45 ,267.00 mm,M346A18061C,1,139,139,$640.10,$88.97,$0.00,$0.00
Supplier,Ogden Newspapers,Webster City,3/26/26,,,OVOL USA,6410033202611,Newsprint,Kap Paper Newsprint,45 ,267.00 mm,M346A18061B,1,139,139,$640.10,$88.97,$0.00,$0.00
Supplier,Ogden Newspapers,Webster City,3/26/26,,,OVOL USA,6410033202611,Newsprint,Kap Paper Newsprint,45 ,267.00 mm,M346A18053C,1,141,141,$640.10,$90.25,$0.00,$0.00
Supplier,Ogden Newspapers,Webster City,3/26/26,,,OVOL USA,6410033202611,Newsprint,Kap Paper Newsprint,45 ,267.00 mm,M346A18053B,1,142,142,$640.10,$90.89,$0.00,$0.00
Supplier,Ogden Newspapers,Webster City,3/26/26,,,OVOL USA,6410033202611,Newsprint,Kap Paper Newsprint,45 ,267.00 mm,M346A18052C,1,140,140,$640.10,$89.61,$0.00,$0.00
Supplier,Ogden Newspapers,Webster City,3/26/26,,,OVOL USA,6410033202611,Newsprint,Kap Paper Newsprint,45 ,267.00 mm,M346A18052B,1,141,141,$640.10,$90.25,$0.00,$0.00
Supplier,Ogden Newspapers,Webster City,3/26/26,,,OVOL USA,6410033202611,Newsprint,Kap Paper Newsprint,45 ,267.00 mm,M346A18051C,1,140,140,$640.10,$89.61,$0.00,$0.00
Supplier,Ogden Newspapers,Webster City,3/26/26,,,OVOL USA,6410033202611,Newsprint,Kap Paper Newsprint,45 ,267.00 mm,M346A18051B,1,141,141,$640.10,$90.25,$0.00,$0.00
Supplier,Ogden Newspapers,Webster City,3/26/26,,,OVOL USA,6410033202611,Newsprint,Kap Paper Newsprint,45 ,267.00 mm,M346A18042C,1,139,139,$640.10,$88.97,$0.00,$0.00
Supplier,Ogden Newspapers,Webster City,3/26/26,,,OVOL USA,6410033202611,Newsprint,Kap Paper Newsprint,45 ,267.00 mm,M346A18042B,1,139,139,$640.10,$88.97,$0.00,$0.00
Supplier,Ogden Newspapers,Webster City,3/26/26,,,OVOL USA,6410033202611,Newsprint,Kap Paper Newsprint,45 ,267.00 mm,M346A18041C,1,140,140,$640.10,$89.61,$0.00,$0.00
Supplier,Ogden Newspapers,Webster City,3/26/26,,,OVOL USA,6410033202611,Newsprint,Kap Paper Newsprint,45 ,267.00 mm,M346A18041B,1,141,141,$640.10,$90.25,$0.00,$0.00
Supplier,Ogden Newspapers,Webster City,3/26/26,,,OVOL USA,6410033202611,Newsprint,Kap Paper Newsprint,45 ,267.00 mm,M346A18033C,1,142,142,$640.10,$90.89,$0.00,$0.00
Supplier,Ogden Newspapers,Webster City,3/26/26,,,OVOL USA,6410033202611,Newsprint,Kap Paper Newsprint,45 ,267.00 mm,M346A18033B,1,142,142,$640.10,$90.89,$0.00,$0.00
Supplier,Ogden Newspapers,Webster City,3/26/26,,,OVOL USA,6410033202611,Newsprint,Kap Paper Newsprint,45 ,267.00 mm,M346A18032C,1,141,141,$640.10,$90.25,$0.00,$0.00
Supplier,Ogden Newspapers,Webster City,3/26/26,,,OVOL USA,6410033202611,Newsprint,Kap Paper Newsprint,45 ,267.00 mm,M346A18032B,1,141,141,$640.10,$90.25,$0.00,$0.00
Supplier,Ogden Newspapers,Webster City,3/26/26,,,OVOL USA,6410033202611,Newsprint,Kap Paper Newsprint,45 ,267.00 mm,M346A18031C,1,141,141,$640.10,$90.25,$0.00,$0.00
Supplier,Ogden Newspapers,Webster City,3/26/26,,,OVOL USA,6410033202611,Newsprint,Kap Paper Newsprint,45 ,267.00 mm,M346A18031B,1,142,142,$640.10,$90.89,$0.00,$0.00
Supplier,Ogden Newspapers,Webster City,3/26/26,,,OVOL USA,6410033202611,Newsprint,Kap Paper Newsprint,45 ,267.00 mm,M346A18023C,1,142,142,$640.10,$90.89,$0.00,$0.00
Supplier,Ogden Newspapers,Webster City,3/26/26,,,OVOL USA,6410033202611,Newsprint,Kap Paper Newsprint,45 ,267.00 mm,M346A18023B,1,143,143,$640.10,$91.53,$0.00,$0.00
Supplier,Ogden Newspapers,Webster City,3/26/26,,,OVOL USA,6410033202611,Newsprint,Kap Paper Newsprint,45 ,267.00 mm,M346A18022C,1,142,142,$640.10,$90.89,$0.00,$0.00
Supplier,Ogden Newspapers,Webster City,3/26/26,,,OVOL USA,6410033202611,Newsprint,Kap Paper Newsprint,45 ,267.00 mm,M346A18022B,1,142,142,$640.10,$90.89,$0.00,$0.00
Supplier,Ogden Newspapers,Webster City,3/26/26,,,OVOL USA,6410033202611,Newsprint,Kap Paper Newsprint,45 ,267.00 mm,M346A18013C,1,143,143,$640.10,$91.53,$0.00,$0.00
Supplier,Ogden Newspapers,Webster City,3/26/26,,,OVOL USA,6410033202611,Newsprint,Kap Paper Newsprint,45 ,267.00 mm,M346A18013B,1,143,143,$640.10,$91.53,$0.00,$0.00
Supplier,Ogden Newspapers,Webster City,3/26/26,,,OVOL USA,6410033202611,Newsprint,Kap Paper Newsprint,45 ,267.00 mm,M346A18012C,1,142,142,$640.10,$90.89,$0.00,$0.00
Supplier,Ogden Newspapers,Webster City,3/26/26,,,OVOL USA,6410033202611,Newsprint,Kap Paper Newsprint,45 ,267.00 mm,M346A18012B,1,143,143,$640.10,$91.53,$0.00,$0.00
Supplier,Ogden Newspapers,Webster City,3/26/26,,,OVOL USA,6410033202611,Newsprint,Kap Paper Newsprint,45 ,267.00 mm,M346A18011C,1,141,141,$640.10,$90.25,$0.00,$0.00
Supplier,Ogden Newspapers,Webster City,3/26/26,,,OVOL USA,6410033202611,Newsprint,Kap Paper Newsprint,45 ,267.00 mm,M346A18011B,1,141,141,$640.10,$90.25,$0.00,$0.00
Supplier,Ogden Newspapers,Webster City,3/26/26,,,OVOL USA,6410033202611,Newsprint,Kap Paper Newsprint,45 ,267.00 mm,M346A17272C,1,142,142,$640.10,$90.89,$0.00,$0.00
Supplier,Ogden Newspapers,Webster City,3/26/26,,,OVOL USA,6410033202611,Newsprint,Kap Paper Newsprint,45 ,267.00 mm,M346A17272B,1,142,142,$640.10,$90.89,$0.00,$0.00
Supplier,Ogden Newspapers,Webster City,3/26/26,,,OVOL USA,6410033202611,Newsprint,Kap Paper Newsprint,45 ,267.00 mm,M346A17271C,1,142,142,$640.10,$90.89,$0.00,$0.00
Supplier,Ogden Newspapers,Webster City,3/26/26,,,OVOL USA,6410033202611,Newsprint,Kap Paper Newsprint,45 ,267.00 mm,M346A17271B,1,142,142,$640.10,$90.89,$0.00,$0.00
Supplier,Ogden Newspapers,Webster City,3/26/26,,,OVOL USA,6410033202611,Newsprint,Kap Paper Newsprint,45 ,267.00 mm,M346A17261C,1,142,142,$640.10,$90.89,$0.00,$0.00
Supplier,Ogden Newspapers,Webster City,3/26/26,,,OVOL USA,6410033202611,Newsprint,Kap Paper Newsprint,45 ,267.00 mm,M346A17261B,1,143,143,$640.10,$91.53,$0.00,$0.00
Supplier,Ogden Newspapers,Webster City,3/26/26,,,OVOL USA,6410033202611,Newsprint,Kap Paper Newsprint,45 ,267.00 mm,M346A17253C,1,143,143,$640.10,$91.53,$0.00,$0.00
Supplier,Ogden Newspapers,Webster City,3/26/26,,,OVOL USA,6410033202611,Newsprint,Kap Paper Newsprint,45 ,267.00 mm,M346A17253B,1,144,144,$640.10,$92.17,$0.00,$0.00
Supplier,Ogden Newspapers,Webster City,3/26/26,,,OVOL USA,6410033202611,Newsprint,Kap Paper Newsprint,45 ,267.00 mm,M346A17252C,1,142,142,$640.10,$90.89,$0.00,$0.00
Supplier,Ogden Newspapers,Webster City,3/26/26,,,OVOL USA,6410033202611,Newsprint,Kap Paper Newsprint,45 ,267.00 mm,M346A17252B,1,142,142,$640.10,$90.89,$0.00,$0.00
Supplier,Ogden Newspapers,Webster City,3/26/26,,,OVOL USA,6410033202611,Newsprint,Kap Paper Newsprint,45 ,267.00 mm,M346A17251C,1,142,142,$640.10,$90.89,$0.00,$0.00
Supplier,Ogden Newspapers,Webster City,3/26/26,,,OVOL USA,6410033202611,Newsprint,Kap Paper Newsprint,45 ,267.00 mm,M346A17251B,1,142,142,$640.10,$90.89,$0.00,$0.00
Supplier,Ogden Newspapers,Webster City,3/26/26,,,OVOL USA,6410033202611,Newsprint,Kap Paper Newsprint,45 ,267.00 mm,M346A17243C,1,142,142,$640.10,$90.89,$0.00,$0.00
Supplier,Ogden Newspapers,Webster City,3/26/26,,,OVOL USA,6410033202611,Newsprint,Kap Paper Newsprint,45 ,267.00 mm,M346A17243B,1,142,142,$640.10,$90.89,$0.00,$0.00
Supplier,Ogden Newspapers,Webster City,3/26/26,,,OVOL USA,6410033202611,Newsprint,Kap Paper Newsprint,45 ,267.00 mm,M346A17242C,1,142,142,$640.10,$90.89,$0.00,$0.00
Supplier,Ogden Newspapers,Webster City,3/26/26,,,OVOL USA,6410033202611,Newsprint,Kap Paper Newsprint,45 ,267.00 mm,M346A17242B,1,142,142,$640.10,$90.89,$0.00,$0.00
Supplier,Ogden Newspapers,Webster City,3/26/26,,,OVOL USA,6410033202611,Newsprint,Kap Paper Newsprint,45 ,267.00 mm,M346A17241C,1,140,140,$640.10,$89.61,$0.00,$0.00
Supplier,Ogden Newspapers,Webster City,3/26/26,,,OVOL USA,6410033202611,Newsprint,Kap Paper Newsprint,45 ,267.00 mm,M346A17241B,1,141,141,$640.10,$90.25,$0.00,$0.00
Supplier,Ogden Newspapers,Webster City,3/26/26,,,OVOL USA,6410033202611,Newsprint,Kap Paper Newsprint,45 ,267.00 mm,M346A17233C,1,141,141,$640.10,$90.25,$0.00,$0.00
Supplier,Ogden Newspapers,Webster City,3/26/26,,,OVOL USA,6410033202611,Newsprint,Kap Paper Newsprint,45 ,267.00 mm,M346A17233B,1,142,142,$640.10,$90.89,$0.00,$0.00
Supplier,Ogden Newspapers,Webster City,3/26/26,,,OVOL USA,6410033202611,Newsprint,Kap Paper Newsprint,45 ,267.00 mm,M346A17232C,1,140,140,$640.10,$89.61,$0.00,$0.00
Supplier,Ogden Newspapers,Webster City,3/26/26,,,OVOL USA,6410033202611,Newsprint,Kap Paper Newsprint,45 ,267.00 mm,M346A17232B,1,141,141,$640.10,$90.25,$0.00,$0.00
Supplier,Ogden Newspapers,Webster City,3/26/26,,,OVOL USA,6410033202611,Newsprint,Kap Paper Newsprint,45 ,267.00 mm,M346A17231C,1,140,140,$640.10,$89.61,$0.00,$0.00
Supplier,Ogden Newspapers,Webster City,3/26/26,,,OVOL USA,6410033202611,Newsprint,Kap Paper Newsprint,45 ,267.00 mm,M346A17231B,1,141,141,$640.10,$90.25,$0.00,$0.00
Supplier,Ogden Newspapers,Webster City,3/26/26,,,OVOL USA,6410033202611,Newsprint,Kap Paper Newsprint,45 ,267.00 mm,M346A17223C,1,142,142,$640.10,$90.89,$0.00,$0.00
Supplier,Ogden Newspapers,Webster City,3/26/26,,,OVOL USA,6410033202611,Newsprint,Kap Paper Newsprint,45 ,267.00 mm,M346A17223B,1,142,142,$640.10,$90.89,$0.00,$0.00
Supplier,Ogden Newspapers,Webster City,3/26/26,,,OVOL USA,6410033202611,Newsprint,Kap Paper Newsprint,45 ,267.00 mm,M346A17222C,1,140,140,$640.10,$89.61,$0.00,$0.00
Supplier,Ogden Newspapers,Webster City,3/26/26,,,OVOL USA,6410033202611,Newsprint,Kap Paper Newsprint,45 ,267.00 mm,M346A17222B,1,141,141,$640.10,$90.25,$0.00,$0.00
Supplier,Ogden Newspapers,Webster City,3/26/26,,,OVOL USA,6410033202611,Newsprint,Kap Paper Newsprint,45 ,267.00 mm,M346A17221C,1,140,140,$640.10,$89.61,$0.00,$0.00
Supplier,Ogden Newspapers,Webster City,3/26/26,,,OVOL USA,6410033202611,Newsprint,Kap Paper Newsprint,45 ,267.00 mm,M346A17221B,1,141,141,$640.10,$90.25,$0.00,$0.00
Supplier,Ogden Newspapers,Webster City,3/26/26,,,OVOL USA,6410033202611,Newsprint,Kap Paper Newsprint,45 ,267.00 mm,M346A17213C,1,142,142,$640.10,$90.89,$0.00,$0.00
Supplier,Ogden Newspapers,Webster City,3/26/26,,,OVOL USA,6410033202611,Newsprint,Kap Paper Newsprint,45 ,267.00 mm,M346A17213B,1,142,142,$640.10,$90.89,$0.00,$0.00
Supplier,Ogden Newspapers,Webster City,3/26/26,,,OVOL USA,6410033202611,Newsprint,Kap Paper Newsprint,45 ,267.00 mm,M346A17212C,1,141,141,$640.10,$90.25,$0.00,$0.00
Supplier,Ogden Newspapers,Webster City,3/26/26,,,OVOL USA,6410033202611,Newsprint,Kap Paper Newsprint,45 ,267.00 mm,M346A17212B,1,141,141,$640.10,$90.25,$0.00,$0.00
Supplier,Ogden Newspapers,Webster City,3/26/26,,,OVOL USA,6410033202611,Newsprint,Kap Paper Newsprint,45 ,267.00 mm,M346A17211C,1,140,140,$640.10,$89.61,$0.00,$0.00
Supplier,Ogden Newspapers,Webster City,3/26/26,,,OVOL USA,6410033202611,Newsprint,Kap Paper Newsprint,45 ,267.00 mm,M346A17211B,1,140,140,$640.10,$89.61,$0.00,$0.00
Supplier,Ogden Newspapers,Webster City,3/26/26,,,OVOL USA,6410033202611,Newsprint,Kap Paper Newsprint,45 ,267.00 mm,M346A17203C,1,140,140,$640.10,$89.61,$0.00,$0.00
Supplier,Ogden Newspapers,Webster City,3/26/26,,,OVOL USA,6410033202611,Newsprint,Kap Paper Newsprint,45 ,267.00 mm,M346A17203B,1,141,141,$640.10,$90.25,$0.00,$0.00
Supplier,Ogden Newspapers,Webster City,3/26/26,,,OVOL USA,6410033202611,Newsprint,Kap Paper Newsprint,45 ,267.00 mm,M346A17202C,1,139,139,$640.10,$88.97,$0.00,$0.00
Supplier,Ogden Newspapers,Webster City,3/26/26,,,OVOL USA,6410033202611,Newsprint,Kap Paper Newsprint,45 ,267.00 mm,M346A17202B,1,140,140,$640.10,$89.61,$0.00,$0.00
Supplier,Ogden Newspapers,Webster City,3/26/26,,,OVOL USA,6410033202611,Newsprint,Kap Paper Newsprint,45 ,267.00 mm,M346A17201C,1,138,138,$640.10,$88.33,$0.00,$0.00
Supplier,Ogden Newspapers,Webster City,3/26/26,,,OVOL USA,6410033202611,Newsprint,Kap Paper Newsprint,45 ,267.00 mm,M346A17201B,1,138,138,$640.10,$88.33,$0.00,$0.00
Supplier,Ogden Newspapers,Webster City,3/26/26,,,OVOL USA,6410033202611,Newsprint,Kap Paper Newsprint,45 ,267.00 mm,M346A17193C,1,138,138,$640.10,$88.33,$0.00,$0.00
Supplier,Ogden Newspapers,Webster City,3/26/26,,,OVOL USA,6410033202611,Newsprint,Kap Paper Newsprint,45 ,267.00 mm,M346A17193B,1,139,139,$640.10,$88.97,$0.00,$0.00
Supplier,Ogden Newspapers,Webster City,3/26/26,,,OVOL USA,6410033202611,Newsprint,Kap Paper Newsprint,45 ,267.00 mm,M346A17192C,1,133,133,$640.10,$85.13,$0.00,$0.00
Supplier,Ogden Newspapers,Webster City,3/26/26,,,OVOL USA,6410033202611,Newsprint,Kap Paper Newsprint,45 ,267.00 mm,M346A17192B,1,134,134,$640.10,$85.77,$0.00,$0.00
Supplier,Ogden Newspapers,Webster City,3/26/26,,,OVOL USA,6410033202611,Newsprint,Kap Paper Newsprint,45 ,267.00 mm,M346A17191C,1,137,137,$640.10,$87.69,$0.00,$0.00
Supplier,Ogden Newspapers,Webster City,3/26/26,,,OVOL USA,6410033202611,Newsprint,Kap Paper Newsprint,45 ,267.00 mm,M346A17191B,1,138,138,$640.10,$88.33,$0.00,$0.00
Supplier,Ogden Newspapers,Webster City,3/26/26,,,OVOL USA,6410033202611,Newsprint,Kap Paper Newsprint,45 ,267.00 mm,M346A17182C,1,139,139,$640.10,$88.97,$0.00,$0.00
Supplier,Ogden Newspapers,Webster City,3/26/26,,,OVOL USA,6410033202611,Newsprint,Kap Paper Newsprint,45 ,267.00 mm,M346A17182B,1,139,139,$640.10,$88.97,$0.00,$0.00
Supplier,Ogden Newspapers,Webster City,3/26/26,,,OVOL USA,6410033202611,Newsprint,Kap Paper Newsprint,45 ,267.00 mm,M346A17181C,1,138,138,$640.10,$88.33,$0.00,$0.00
Supplier,Ogden Newspapers,Webster City,3/26/26,,,OVOL USA,6410033202611,Newsprint,Kap Paper Newsprint,45 ,267.00 mm,M346A17181B,1,139,139,$640.10,$88.97,$0.00,$0.00
Supplier,Ogden Newspapers,Webster City,3/26/26,,,OVOL USA,6410033202611,Newsprint,Kap Paper Newsprint,45 ,267.00 mm,M346A17173C,1,136,136,$640.10,$87.05,$0.00,$0.00
Supplier,Ogden Newspapers,Webster City,3/26/26,,,OVOL USA,6410033202611,Newsprint,Kap Paper Newsprint,45 ,267.00 mm,M346A17173B,1,136,136,$640.10,$87.05,$0.00,$0.00
Supplier,Ogden Newspapers,Webster City,3/26/26,,,OVOL USA,6410033202611,Newsprint,Kap Paper Newsprint,45 ,267.00 mm,M346A17172C,1,138,138,$640.10,$88.33,$0.00,$0.00
Supplier,Ogden Newspapers,Webster City,3/26/26,,,OVOL USA,6410033202611,Newsprint,Kap Paper Newsprint,45 ,267.00 mm,M346A17172B,1,138,138,$640.10,$88.33,$0.00,$0.00
Supplier,Ogden Newspapers,Webster City,3/26/26,,,OVOL USA,6410033202611,Newsprint,Kap Paper Newsprint,45 ,267.00 mm,M346A17171C,1,136,136,$640.10,$87.05,$0.00,$0.00
Supplier,Ogden Newspapers,Webster City,3/26/26,,,OVOL USA,6410033202611,Newsprint,Kap Paper Newsprint,45 ,267.00 mm,M346A17171B,1,137,137,$640.10,$87.69,$0.00,$0.00
Supplier,Ogden Newspapers,Webster City,3/26/26,,,OVOL USA,6410033202611,Newsprint,Kap Paper Newsprint,45 ,267.00 mm,M346A17163C,1,137,137,$640.10,$87.69,$0.00,$0.00
Supplier,Ogden Newspapers,Webster City,3/26/26,,,OVOL USA,6410033202611,Newsprint,Kap Paper Newsprint,45 ,267.00 mm,M346A17163B,1,138,138,$640.10,$88.33,$0.00,$0.00
Supplier,Ogden Newspapers,Webster City,3/26/26,,,OVOL USA,6410033202611,Newsprint,Kap Paper Newsprint,45 ,267.00 mm,M346A17162C,1,138,138,$640.10,$88.33,$0.00,$0.00
Supplier,Ogden Newspapers,Webster City,3/26/26,,,OVOL USA,6410033202611,Newsprint,Kap Paper Newsprint,45 ,267.00 mm,M346A17162B,1,138,138,$640.10,$88.33,$0.00,$0.00
Supplier,Ogden Newspapers,Webster City,3/26/26,,,OVOL USA,6410033202611,Newsprint,Kap Paper Newsprint,45 ,267.00 mm,M346A17161C,1,138,138,$640.10,$88.33,$0.00,$0.00
Supplier,Ogden Newspapers,Webster City,3/26/26,,,OVOL USA,6410033202611,Newsprint,Kap Paper Newsprint,45 ,267.00 mm,M346A17161B,1,138,138,$640.10,$88.33,$0.00,$0.00
Supplier,Ogden Newspapers,Webster City,3/26/26,,,OVOL USA,6410033202611,Newsprint,Kap Paper Newsprint,45 ,267.00 mm,M346A17153C,1,133,133,$640.10,$85.13,$0.00,$0.00
Supplier,Ogden Newspapers,Webster City,3/26/26,,,OVOL USA,6410033202611,Newsprint,Kap Paper Newsprint,45 ,267.00 mm,M346A17153B,1,134,134,$640.10,$85.77,$0.00,$0.00
Supplier,Ogden Newspapers,Webster City,3/26/26,,,OVOL USA,6410033202611,Newsprint,Kap Paper Newsprint,45 ,267.00 mm,M346A17151C,1,138,138,$640.10,$88.33,$0.00,$0.00
Supplier,Ogden Newspapers,Webster City,3/26/26,,,OVOL USA,6410033202611,Newsprint,Kap Paper Newsprint,45 ,267.00 mm,M346A17151B,1,139,139,$640.10,$88.97,$0.00,$0.00
Supplier,Ogden Newspapers,Webster City,3/26/26,,,OVOL USA,6410033202611,Newsprint,Kap Paper Newsprint,45 ,267.00 mm,M346A17143C,1,139,139,$640.10,$88.97,$0.00,$0.00
Supplier,Ogden Newspapers,Webster City,3/26/26,,,OVOL USA,6410033202611,Newsprint,Kap Paper Newsprint,45 ,267.00 mm,M346A17143B,1,140,140,$640.10,$89.61,$0.00,$0.00
Supplier,Ogden Newspapers,Webster City,3/26/26,,,OVOL USA,6410033202611,Newsprint,Kap Paper Newsprint,45 ,267.00 mm,M346A17142C,1,138,138,$640.10,$88.33,$0.00,$0.00
Supplier,Ogden Newspapers,Webster City,3/26/26,,,OVOL USA,6410033202611,Newsprint,Kap Paper Newsprint,45 ,267.00 mm,M346A17142B,1,139,139,$640.10,$88.97,$0.00,$0.00
Supplier,Ogden Newspapers,Webster City,3/26/26,,,OVOL USA,6410033202611,Newsprint,Kap Paper Newsprint,45 ,267.00 mm,M346A17141C,1,138,138,$640.10,$88.33,$0.00,$0.00
Supplier,Ogden Newspapers,Webster City,3/26/26,,,OVOL USA,6410033202611,Newsprint,Kap Paper Newsprint,45 ,267.00 mm,M346A17141B,1,138,138,$640.10,$88.33,$0.00,$0.00
Supplier,Ogden Newspapers,Webster City,3/26/26,,,OVOL USA,6410033202611,Newsprint,Kap Paper Newsprint,45 ,267.00 mm,M346A17133C,1,138,138,$640.10,$88.33,$0.00,$0.00
Supplier,Ogden Newspapers,Webster City,3/26/26,,,OVOL USA,6410033202611,Newsprint,Kap Paper Newsprint,45 ,267.00 mm,M346A17133B,1,138,138,$640.10,$88.33,$0.00,$0.00
Supplier,Ogden Newspapers,Webster City,3/26/26,,,OVOL USA,6410033202611,Newsprint,Kap Paper Newsprint,45 ,267.00 mm,M346A17132C,1,138,138,$640.10,$88.33,$0.00,$0.00
Supplier,Ogden Newspapers,Webster City,3/26/26,,,OVOL USA,6410033202611,Newsprint,Kap Paper Newsprint,45 ,267.00 mm,M346A17132B,1,139,139,$640.10,$88.97,$0.00,$0.00
Supplier,Ogden Newspapers,Webster City,3/26/26,,,OVOL USA,6410033202611,Newsprint,Kap Paper Newsprint,45 ,267.00 mm,M346A17123C,1,137,137,$640.10,$87.69,$0.00,$0.00
Supplier,Ogden Newspapers,Webster City,3/26/26,,,OVOL USA,6410033202611,Newsprint,Kap Paper Newsprint,45 ,267.00 mm,M346A17123B,1,138,138,$640.10,$88.33,$0.00,$0.00
Supplier,Ogden Newspapers,Webster City,3/26/26,,,OVOL USA,6410033202611,Newsprint,Kap Paper Newsprint,45 ,267.00 mm,M346A17122C,1,140,140,$640.10,$89.61,$0.00,$0.00
Supplier,Ogden Newspapers,Webster City,3/26/26,,,OVOL USA,6410033202611,Newsprint,Kap Paper Newsprint,45 ,267.00 mm,M346A17122B,1,140,140,$640.10,$89.61,$0.00,$0.00
Supplier,Ogden Newspapers,Webster City,3/26/26,,,OVOL USA,6410033202611,Newsprint,Kap Paper Newsprint,45 ,267.00 mm,M346A17113C,1,139,139,$640.10,$88.97,$0.00,$0.00
Supplier,Ogden Newspapers,Webster City,3/26/26,,,OVOL USA,6410033202611,Newsprint,Kap Paper Newsprint,45 ,267.00 mm,M346A17113B,1,140,140,$640.10,$89.61,$0.00,$0.00
Supplier,Ogden Newspapers,Webster City,10/31/23,,,OVOL USA,64100932023103,Hi-Brite,KruBrite 80 Offset,51.8 ,267.00 mm,N3GK24K245E,1,150,150,"$1,015.00",$152.25,$0.00,$0.00
Supplier,Ogden Newspapers,Webster City,10/31/23,,,OVOL USA,64100932023103,Hi-Brite,KruBrite 80 Offset,51.8 ,267.00 mm,N3GK24K245D,1,149,149,"$1,015.00",$151.24,$0.00,$0.00
Supplier,Ogden Newspapers,Webster City,10/31/23,,,OVOL USA,64100932023103,Hi-Brite,KruBrite 80 Offset,51.8 ,267.00 mm,N3GK24K245C,1,149,149,"$1,015.00",$151.24,$0.00,$0.00
Supplier,Ogden Newspapers,Webster City,1/13/26,,,OVOL USA,64100932025121,Newsprint,Kruger Newsprint,45 ,267.00 mm,N30M28K024F,1,125,125,$639.76,$79.97,$0.00,$0.00
Supplier,Ogden Newspapers,Webster City,1/13/26,,,OVOL USA,64100932025121,Newsprint,Kruger Newsprint,45 ,267.00 mm,N30M28K024E,1,123,123,$639.76,$78.69,$0.00,$0.00
Supplier,Ogden Newspapers,Webster City,1/13/26,,,OVOL USA,64100932025121,Newsprint,Kruger Newsprint,45 ,267.00 mm,N30M28K024D,1,123,123,$639.76,$78.69,$0.00,$0.00
Supplier,Ogden Newspapers,Webster City,1/13/26,,,OVOL USA,64100932025121,Newsprint,Kruger Newsprint,45 ,267.00 mm,N30M28K022F,1,124,124,$639.76,$79.33,$0.00,$0.00
Supplier,Ogden Newspapers,Webster City,1/13/26,,,OVOL USA,64100932025121,Newsprint,Kruger Newsprint,45 ,267.00 mm,N30M28K022E,1,122,122,$639.76,$78.05,$0.00,$0.00
Supplier,Ogden Newspapers,Webster City,1/13/26,,,OVOL USA,64100932025121,Newsprint,Kruger Newsprint,45 ,267.00 mm,N30M28K022D,1,122,122,$639.76,$78.05,$0.00,$0.00
Supplier,Ogden Newspapers,Webster City,1/13/26,,,OVOL USA,64100932025121,Newsprint,Kruger Newsprint,45 ,267.00 mm,N30M28K021C,1,122,122,$639.76,$78.05,$0.00,$0.00
Supplier,Ogden Newspapers,Webster City,1/13/26,,,OVOL USA,64100932025121,Newsprint,Kruger Newsprint,45 ,267.00 mm,N30M28K021B,1,122,122,$639.76,$78.05,$0.00,$0.00
Supplier,Ogden Newspapers,Webster City,1/13/26,,,OVOL USA,64100932025121,Newsprint,Kruger Newsprint,45 ,267.00 mm,N30M28K0213,1,122,122,$639.76,$78.05,$0.00,$0.00
Supplier,Ogden Newspapers,Webster City,1/13/26,,,OVOL USA,64100932025121,Newsprint,Kruger Newsprint,45 ,267.00 mm,N30M28K016F,1,125,125,$639.76,$79.97,$0.00,$0.00
Supplier,Ogden Newspapers,Webster City,1/13/26,,,OVOL USA,64100932025121,Newsprint,Kruger Newsprint,45 ,267.00 mm,N30M28K016E,1,124,124,$639.76,$79.33,$0.00,$0.00
Supplier,Ogden Newspapers,Webster City,1/13/26,,,OVOL USA,64100932025121,Newsprint,Kruger Newsprint,45 ,267.00 mm,N30M28K016D,1,124,124,$639.76,$79.33,$0.00,$0.00
Supplier,Ogden Newspapers,Webster City,1/13/26,,,OVOL USA,64100932025121,Newsprint,Kruger Newsprint,45 ,267.00 mm,N30M28K013F,1,124,124,$639.76,$79.33,$0.00,$0.00
Supplier,Ogden Newspapers,Webster City,1/13/26,,,OVOL USA,64100932025121,Newsprint,Kruger Newsprint,45 ,267.00 mm,N30M28K013E,1,123,123,$639.76,$78.69,$0.00,$0.00
Supplier,Ogden Newspapers,Webster City,1/13/26,,,OVOL USA,64100932025121,Newsprint,Kruger Newsprint,45 ,267.00 mm,N30M28K013D,1,123,123,$639.76,$78.69,$0.00,$0.00
Supplier,Ogden Newspapers,Webster City,1/13/26,,,OVOL USA,64100932025121,Newsprint,Kruger Newsprint,45 ,267.00 mm,N30M28K012F,1,123,123,$639.76,$78.69,$0.00,$0.00
Supplier,Ogden Newspapers,Webster City,1/13/26,,,OVOL USA,64100932025121,Newsprint,Kruger Newsprint,45 ,267.00 mm,N30M28K012E,1,123,123,$639.76,$78.69,$0.00,$0.00
Supplier,Ogden Newspapers,Webster City,1/13/26,,,OVOL USA,64100932025121,Newsprint,Kruger Newsprint,45 ,267.00 mm,N30M28K012D,1,123,123,$639.76,$78.69,$0.00,$0.00
Supplier,Ogden Newspapers,Webster City,1/13/26,,,OVOL USA,64100932025121,Newsprint,Kruger Newsprint,45 ,267.00 mm,N30M28K011C,1,122,122,$639.76,$78.05,$0.00,$0.00
Supplier,Ogden Newspapers,Webster City,1/13/26,,,OVOL USA,64100932025121,Newsprint,Kruger Newsprint,45 ,267.00 mm,N30M28K011B,1,122,122,$639.76,$78.05,$0.00,$0.00
Supplier,Ogden Newspapers,Webster City,1/13/26,,,OVOL USA,64100932025121,Newsprint,Kruger Newsprint,45 ,267.00 mm,N30M28K0113,1,122,122,$639.76,$78.05,$0.00,$0.00
Supplier,Ogden Newspapers,Webster City,4/2/26,,,OVOL USA,6410093202625,Newsprint,Kruger Newsprint,45 ,267.00 mm,N30Q31K244D,1,127,127,$667.87,$84.82,$0.00,$0.00
Supplier,Ogden Newspapers,Webster City,4/2/26,,,OVOL USA,6410093202625,Newsprint,Kruger Newsprint,45 ,267.00 mm,N30Q31K244C,1,126,126,$667.87,$84.15,$0.00,$0.00
Supplier,Ogden Newspapers,Webster City,4/2/26,,,OVOL USA,6410093202625,Newsprint,Kruger Newsprint,45 ,267.00 mm,N30Q31K244B,1,126,126,$667.87,$84.15,$0.00,$0.00
Supplier,Ogden Newspapers,Webster City,4/2/26,,,OVOL USA,6410093202625,Newsprint,Kruger Newsprint,45 ,267.00 mm,N30Q31K243H,1,127,127,$667.87,$84.82,$0.00,$0.00
Supplier,Ogden Newspapers,Webster City,4/2/26,,,OVOL USA,6410093202625,Newsprint,Kruger Newsprint,45 ,267.00 mm,N30Q31K243G,1,126,126,$667.87,$84.15,$0.00,$0.00
Supplier,Ogden Newspapers,Webster City,4/2/26,,,OVOL USA,6410093202625,Newsprint,Kruger Newsprint,45 ,267.00 mm,N30Q31K243F,1,126,126,$667.87,$84.15,$0.00,$0.00
Supplier,Ogden Newspapers,Webster City,4/2/26,,,OVOL USA,6410093202625,Newsprint,Kruger Newsprint,45 ,267.00 mm,N30Q31K243D,1,127,127,$667.87,$84.82,$0.00,$0.00
Supplier,Ogden Newspapers,Webster City,4/2/26,,,OVOL USA,6410093202625,Newsprint,Kruger Newsprint,45 ,267.00 mm,N30Q31K243C,1,125,125,$667.87,$83.48,$0.00,$0.00
Supplier,Ogden Newspapers,Webster City,4/2/26,,,OVOL USA,6410093202625,Newsprint,Kruger Newsprint,45 ,267.00 mm,N30Q31K243B,1,125,125,$667.87,$83.48,$0.00,$0.00
Supplier,Ogden Newspapers,Webster City,4/2/26,,,OVOL USA,6410093202625,Newsprint,Kruger Newsprint,45 ,267.00 mm,N30Q31K242H,1,127,127,$667.87,$84.82,$0.00,$0.00
Supplier,Ogden Newspapers,Webster City,4/2/26,,,OVOL USA,6410093202625,Newsprint,Kruger Newsprint,45 ,267.00 mm,N30Q31K242G,1,126,126,$667.87,$84.15,$0.00,$0.00
Supplier,Ogden Newspapers,Webster City,4/2/26,,,OVOL USA,6410093202625,Newsprint,Kruger Newsprint,45 ,267.00 mm,N30Q31K242F,1,126,126,$667.87,$84.15,$0.00,$0.00
Supplier,Ogden Newspapers,Webster City,4/2/26,,,OVOL USA,6410093202625,Newsprint,Kruger Newsprint,45 ,267.00 mm,N30Q31K242D,1,127,127,$667.87,$84.82,$0.00,$0.00
Supplier,Ogden Newspapers,Webster City,4/2/26,,,OVOL USA,6410093202625,Newsprint,Kruger Newsprint,45 ,267.00 mm,N30Q31K242C,1,125,125,$667.87,$83.48,$0.00,$0.00
Supplier,Ogden Newspapers,Webster City,4/2/26,,,OVOL USA,6410093202625,Newsprint,Kruger Newsprint,45 ,267.00 mm,N30Q31K242B,1,125,125,$667.87,$83.48,$0.00,$0.00
Supplier,Ogden Newspapers,Webster City,4/2/26,,,OVOL USA,6410093202625,Newsprint,Kruger Newsprint,45 ,267.00 mm,N30Q31K241H,1,126,126,$667.87,$84.15,$0.00,$0.00
Supplier,Ogden Newspapers,Webster City,4/2/26,,,OVOL USA,6410093202625,Newsprint,Kruger Newsprint,45 ,267.00 mm,N30Q31K241G,1,125,125,$667.87,$83.48,$0.00,$0.00
Supplier,Ogden Newspapers,Webster City,4/2/26,,,OVOL USA,6410093202625,Newsprint,Kruger Newsprint,45 ,267.00 mm,N30Q31K241F,1,125,125,$667.87,$83.48,$0.00,$0.00
Supplier,Ogden Newspapers,Webster City,4/2/26,,,OVOL USA,6410093202625,Newsprint,Kruger Newsprint,45 ,267.00 mm,N30Q31K241D,1,126,126,$667.87,$84.15,$0.00,$0.00
Supplier,Ogden Newspapers,Webster City,4/2/26,,,OVOL USA,6410093202625,Newsprint,Kruger Newsprint,45 ,267.00 mm,N30Q31K241C,1,124,124,$667.87,$82.82,$0.00,$0.00
Supplier,Ogden Newspapers,Webster City,4/2/26,,,OVOL USA,6410093202625,Newsprint,Kruger Newsprint,45 ,267.00 mm,N30Q31K241B,1,124,124,$667.87,$82.82,$0.00,$0.00
Supplier,Ogden Newspapers,Webster City,4/2/26,,,OVOL USA,6410093202625,Newsprint,Kruger Newsprint,45 ,267.00 mm,N30Q31K236H,1,129,129,$667.87,$86.16,$0.00,$0.00
Supplier,Ogden Newspapers,Webster City,4/2/26,,,OVOL USA,6410093202625,Newsprint,Kruger Newsprint,45 ,267.00 mm,N30Q31K236G,1,127,127,$667.87,$84.82,$0.00,$0.00
Supplier,Ogden Newspapers,Webster City,4/2/26,,,OVOL USA,6410093202625,Newsprint,Kruger Newsprint,45 ,267.00 mm,N30Q31K236F,1,127,127,$667.87,$84.82,$0.00,$0.00
Supplier,Ogden Newspapers,Webster City,4/2/26,,,OVOL USA,6410093202625,Newsprint,Kruger Newsprint,45 ,267.00 mm,N30Q31K236D,1,127,127,$667.87,$84.82,$0.00,$0.00
Supplier,Ogden Newspapers,Webster City,4/2/26,,,OVOL USA,6410093202625,Newsprint,Kruger Newsprint,45 ,267.00 mm,N30Q31K236C,1,127,127,$667.87,$84.82,$0.00,$0.00
Supplier,Ogden Newspapers,Webster City,4/2/26,,,OVOL USA,6410093202625,Newsprint,Kruger Newsprint,45 ,267.00 mm,N30Q31K236B,1,127,127,$667.87,$84.82,$0.00,$0.00
Supplier,Ogden Newspapers,Webster City,4/2/26,,,OVOL USA,6410093202625,Newsprint,Kruger Newsprint,45 ,267.00 mm,N30Q31K235H,1,129,129,$667.87,$86.16,$0.00,$0.00
Supplier,Ogden Newspapers,Webster City,4/2/26,,,OVOL USA,6410093202625,Newsprint,Kruger Newsprint,45 ,267.00 mm,N30Q31K235G,1,127,127,$667.87,$84.82,$0.00,$0.00
Supplier,Ogden Newspapers,Webster City,4/2/26,,,OVOL USA,6410093202625,Newsprint,Kruger Newsprint,45 ,267.00 mm,N30Q31K235F,1,127,127,$667.87,$84.82,$0.00,$0.00
Supplier,Ogden Newspapers,Webster City,4/2/26,,,OVOL USA,6410093202625,Newsprint,Kruger Newsprint,45 ,267.00 mm,N30Q31K235D,1,127,127,$667.87,$84.82,$0.00,$0.00
Supplier,Ogden Newspapers,Webster City,4/2/26,,,OVOL USA,6410093202625,Newsprint,Kruger Newsprint,45 ,267.00 mm,N30Q31K235C,1,127,127,$667.87,$84.82,$0.00,$0.00
Supplier,Ogden Newspapers,Webster City,4/2/26,,,OVOL USA,6410093202625,Newsprint,Kruger Newsprint,45 ,267.00 mm,N30Q31K235B,1,127,127,$667.87,$84.82,$0.00,$0.00
Supplier,Ogden Newspapers,Webster City,4/2/26,,,OVOL USA,6410093202625,Newsprint,Kruger Newsprint,45 ,267.00 mm,N30Q31K234H,1,127,127,$667.87,$84.82,$0.00,$0.00
Supplier,Ogden Newspapers,Webster City,4/2/26,,,OVOL USA,6410093202625,Newsprint,Kruger Newsprint,45 ,267.00 mm,N30Q31K234G,1,127,127,$667.87,$84.82,$0.00,$0.00
Supplier,Ogden Newspapers,Webster City,4/2/26,,,OVOL USA,6410093202625,Newsprint,Kruger Newsprint,45 ,267.00 mm,N30Q31K234F,1,127,127,$667.87,$84.82,$0.00,$0.00
Supplier,Ogden Newspapers,Webster City,4/2/26,,,OVOL USA,6410093202625,Newsprint,Kruger Newsprint,45 ,267.00 mm,N30Q31K234D,1,127,127,$667.87,$84.82,$0.00,$0.00
Supplier,Ogden Newspapers,Webster City,4/2/26,,,OVOL USA,6410093202625,Newsprint,Kruger Newsprint,45 ,267.00 mm,N30Q31K234C,1,126,126,$667.87,$84.15,$0.00,$0.00
Supplier,Ogden Newspapers,Webster City,4/2/26,,,OVOL USA,6410093202625,Newsprint,Kruger Newsprint,45 ,267.00 mm,N30Q31K234B,1,126,126,$667.87,$84.15,$0.00,$0.00
Supplier,Ogden Newspapers,Webster City,4/2/26,,,OVOL USA,6410093202625,Newsprint,Kruger Newsprint,45 ,267.00 mm,N30Q31K233H,1,128,128,$667.87,$85.49,$0.00,$0.00
Supplier,Ogden Newspapers,Webster City,4/2/26,,,OVOL USA,6410093202625,Newsprint,Kruger Newsprint,45 ,267.00 mm,N30Q31K233G,1,126,126,$667.87,$84.15,$0.00,$0.00
Supplier,Ogden Newspapers,Webster City,4/2/26,,,OVOL USA,6410093202625,Newsprint,Kruger Newsprint,45 ,267.00 mm,N30Q31K233F,1,126,126,$667.87,$84.15,$0.00,$0.00
Supplier,Ogden Newspapers,Webster City,4/2/26,,,OVOL USA,6410093202625,Newsprint,Kruger Newsprint,45 ,267.00 mm,N30Q31K233D,1,127,127,$667.87,$84.82,$0.00,$0.00
Supplier,Ogden Newspapers,Webster City,4/2/26,,,OVOL USA,6410093202625,Newsprint,Kruger Newsprint,45 ,267.00 mm,N30Q31K233C,1,125,125,$667.87,$83.48,$0.00,$0.00
Supplier,Ogden Newspapers,Webster City,4/2/26,,,OVOL USA,6410093202625,Newsprint,Kruger Newsprint,45 ,267.00 mm,N30Q31K233B,1,125,125,$667.87,$83.48,$0.00,$0.00
Supplier,Ogden Newspapers,Webster City,4/2/26,,,OVOL USA,6410093202625,Newsprint,Kruger Newsprint,45 ,267.00 mm,N30Q31K232H,1,126,126,$667.87,$84.15,$0.00,$0.00
Supplier,Ogden Newspapers,Webster City,4/2/26,,,OVOL USA,6410093202625,Newsprint,Kruger Newsprint,45 ,267.00 mm,N30Q31K232G,1,126,126,$667.87,$84.15,$0.00,$0.00
Supplier,Ogden Newspapers,Webster City,4/2/26,,,OVOL USA,6410093202625,Newsprint,Kruger Newsprint,45 ,267.00 mm,N30Q31K232F,1,126,126,$667.87,$84.15,$0.00,$0.00
Supplier,Ogden Newspapers,Webster City,4/2/26,,,OVOL USA,6410093202625,Newsprint,Kruger Newsprint,45 ,267.00 mm,N30Q31K232D,1,126,126,$667.87,$84.15,$0.00,$0.00
Supplier,Ogden Newspapers,Webster City,4/2/26,,,OVOL USA,6410093202625,Newsprint,Kruger Newsprint,45 ,267.00 mm,N30Q31K232C,1,125,125,$667.87,$83.48,$0.00,$0.00
Supplier,Ogden Newspapers,Webster City,4/2/26,,,OVOL USA,6410093202625,Newsprint,Kruger Newsprint,45 ,267.00 mm,N30Q31K232B,1,125,125,$667.87,$83.48,$0.00,$0.00
Supplier,Ogden Newspapers,Webster City,4/2/26,,,OVOL USA,6410093202625,Newsprint,Kruger Newsprint,45 ,267.00 mm,N30Q31K231H,1,126,126,$667.87,$84.15,$0.00,$0.00
Supplier,Ogden Newspapers,Webster City,4/2/26,,,OVOL USA,6410093202625,Newsprint,Kruger Newsprint,45 ,267.00 mm,N30Q31K231G,1,125,125,$667.87,$83.48,$0.00,$0.00
Supplier,Ogden Newspapers,Webster City,4/2/26,,,OVOL USA,6410093202625,Newsprint,Kruger Newsprint,45 ,267.00 mm,N30Q31K231F,1,125,125,$667.87,$83.48,$0.00,$0.00
Supplier,Ogden Newspapers,Webster City,4/2/26,,,OVOL USA,6410093202625,Newsprint,Kruger Newsprint,45 ,267.00 mm,N30Q31K231D,1,126,126,$667.87,$84.15,$0.00,$0.00
Supplier,Ogden Newspapers,Webster City,4/2/26,,,OVOL USA,6410093202625,Newsprint,Kruger Newsprint,45 ,267.00 mm,N30Q31K231C,1,124,124,$667.87,$82.82,$0.00,$0.00
Supplier,Ogden Newspapers,Webster City,4/2/26,,,OVOL USA,6410093202625,Newsprint,Kruger Newsprint,45 ,267.00 mm,N30Q31K231B,1,124,124,$667.87,$82.82,$0.00,$0.00
Supplier,Ogden Newspapers,Webster City,4/2/26,,,OVOL USA,6410093202625,Newsprint,Kruger Newsprint,45 ,267.00 mm,N30Q31K226D,1,127,127,$667.87,$84.82,$0.00,$0.00
Supplier,Ogden Newspapers,Webster City,4/2/26,,,OVOL USA,6410093202625,Newsprint,Kruger Newsprint,45 ,267.00 mm,N30Q31K226C,1,127,127,$667.87,$84.82,$0.00,$0.00
Supplier,Ogden Newspapers,Webster City,4/2/26,,,OVOL USA,6410093202625,Newsprint,Kruger Newsprint,45 ,267.00 mm,N30Q31K226B,1,127,127,$667.87,$84.82,$0.00,$0.00
Supplier,Ogden Newspapers,Webster City,4/2/26,,,OVOL USA,6410093202625,Newsprint,Kruger Newsprint,45 ,267.00 mm,N30Q31K225H,1,128,128,$667.87,$85.49,$0.00,$0.00
Supplier,Ogden Newspapers,Webster City,4/2/26,,,OVOL USA,6410093202625,Newsprint,Kruger Newsprint,45 ,267.00 mm,N30Q31K225G,1,127,127,$667.87,$84.82,$0.00,$0.00
Supplier,Ogden Newspapers,Webster City,4/2/26,,,OVOL USA,6410093202625,Newsprint,Kruger Newsprint,45 ,267.00 mm,N30Q31K225F,1,127,127,$667.87,$84.82,$0.00,$0.00
Supplier,Ogden Newspapers,Webster City,4/2/26,,,OVOL USA,6410093202625,Newsprint,Kruger Newsprint,45 ,267.00 mm,N30Q31K225D,1,128,128,$667.87,$85.49,$0.00,$0.00
Supplier,Ogden Newspapers,Webster City,4/2/26,,,OVOL USA,6410093202625,Newsprint,Kruger Newsprint,45 ,267.00 mm,N30Q31K225C,1,126,126,$667.87,$84.15,$0.00,$0.00
Supplier,Ogden Newspapers,Webster City,4/2/26,,,OVOL USA,6410093202625,Newsprint,Kruger Newsprint,45 ,267.00 mm,N30Q31K225B,1,126,126,$667.87,$84.15,$0.00,$0.00
Supplier,Ogden Newspapers,Webster City,4/2/26,,,OVOL USA,6410093202625,Newsprint,Kruger Newsprint,45 ,267.00 mm,N30Q31K224H,1,127,127,$667.87,$84.82,$0.00,$0.00
Supplier,Ogden Newspapers,Webster City,4/2/26,,,OVOL USA,6410093202625,Newsprint,Kruger Newsprint,45 ,267.00 mm,N30Q31K224G,1,127,127,$667.87,$84.82,$0.00,$0.00
Supplier,Ogden Newspapers,Webster City,4/2/26,,,OVOL USA,6410093202625,Newsprint,Kruger Newsprint,45 ,267.00 mm,N30Q31K224F,1,127,127,$667.87,$84.82,$0.00,$0.00
Supplier,Ogden Newspapers,Webster City,4/2/26,,,OVOL USA,6410093202625,Newsprint,Kruger Newsprint,45 ,267.00 mm,N30Q31K224D,1,126,126,$667.87,$84.15,$0.00,$0.00
Supplier,Ogden Newspapers,Webster City,4/2/26,,,OVOL USA,6410093202625,Newsprint,Kruger Newsprint,45 ,267.00 mm,N30Q31K224C,1,126,126,$667.87,$84.15,$0.00,$0.00
Supplier,Ogden Newspapers,Webster City,4/2/26,,,OVOL USA,6410093202625,Newsprint,Kruger Newsprint,45 ,267.00 mm,N30Q31K224B,1,126,126,$667.87,$84.15,$0.00,$0.00
Supplier,Ogden Newspapers,Webster City,4/2/26,,,OVOL USA,6410093202625,Newsprint,Kruger Newsprint,45 ,267.00 mm,N30Q31K223H,1,127,127,$667.87,$84.82,$0.00,$0.00
Supplier,Ogden Newspapers,Webster City,4/2/26,,,OVOL USA,6410093202625,Newsprint,Kruger Newsprint,45 ,267.00 mm,N30Q31K223G,1,126,126,$667.87,$84.15,$0.00,$0.00
Supplier,Ogden Newspapers,Webster City,4/2/26,,,OVOL USA,6410093202625,Newsprint,Kruger Newsprint,45 ,267.00 mm,N30Q31K223F,1,126,126,$667.87,$84.15,$0.00,$0.00
Supplier,Ogden Newspapers,Webster City,4/2/26,,,OVOL USA,6410093202625,Newsprint,Kruger Newsprint,45 ,267.00 mm,N30Q31K223D,1,127,127,$667.87,$84.82,$0.00,$0.00
Supplier,Ogden Newspapers,Webster City,4/2/26,,,OVOL USA,6410093202625,Newsprint,Kruger Newsprint,45 ,267.00 mm,N30Q31K223C,1,125,125,$667.87,$83.48,$0.00,$0.00
Supplier,Ogden Newspapers,Webster City,4/2/26,,,OVOL USA,6410093202625,Newsprint,Kruger Newsprint,45 ,267.00 mm,N30Q31K223B,1,125,125,$667.87,$83.48,$0.00,$0.00
Supplier,Ogden Newspapers,Webster City,4/2/26,,,OVOL USA,6410093202625,Newsprint,Kruger Newsprint,45 ,267.00 mm,N30Q31K222H,1,127,127,$667.87,$84.82,$0.00,$0.00
Supplier,Ogden Newspapers,Webster City,4/2/26,,,OVOL USA,6410093202625,Newsprint,Kruger Newsprint,45 ,267.00 mm,N30Q31K222G,1,126,126,$667.87,$84.15,$0.00,$0.00
Supplier,Ogden Newspapers,Webster City,4/2/26,,,OVOL USA,6410093202625,Newsprint,Kruger Newsprint,45 ,267.00 mm,N30Q31K222F,1,126,126,$667.87,$84.15,$0.00,$0.00
Supplier,Ogden Newspapers,Webster City,4/2/26,,,OVOL USA,6410093202625,Newsprint,Kruger Newsprint,45 ,267.00 mm,N30Q31K222D,1,127,127,$667.87,$84.82,$0.00,$0.00
Supplier,Ogden Newspapers,Webster City,4/2/26,,,OVOL USA,6410093202625,Newsprint,Kruger Newsprint,45 ,267.00 mm,N30Q31K222C,1,125,125,$667.87,$83.48,$0.00,$0.00
Supplier,Ogden Newspapers,Webster City,4/2/26,,,OVOL USA,6410093202625,Newsprint,Kruger Newsprint,45 ,267.00 mm,N30Q31K222B,1,125,125,$667.87,$83.48,$0.00,$0.00
Supplier,Ogden Newspapers,Webster City,4/2/26,,,OVOL USA,6410093202625,Newsprint,Kruger Newsprint,45 ,267.00 mm,N30Q31K221H,1,127,127,$667.87,$84.82,$0.00,$0.00
Supplier,Ogden Newspapers,Webster City,4/2/26,,,OVOL USA,6410093202625,Newsprint,Kruger Newsprint,45 ,267.00 mm,N30Q31K221G,1,125,125,$667.87,$83.48,$0.00,$0.00
Supplier,Ogden Newspapers,Webster City,4/2/26,,,OVOL USA,6410093202625,Newsprint,Kruger Newsprint,45 ,267.00 mm,N30Q31K221F,1,125,125,$667.87,$83.48,$0.00,$0.00
Supplier,Ogden Newspapers,Webster City,4/2/26,,,OVOL USA,6410093202625,Newsprint,Kruger Newsprint,45 ,267.00 mm,N30Q31K221D,1,125,125,$667.87,$83.48,$0.00,$0.00
Supplier,Ogden Newspapers,Webster City,4/2/26,,,OVOL USA,6410093202625,Newsprint,Kruger Newsprint,45 ,267.00 mm,N30Q31K221C,1,125,125,$667.87,$83.48,$0.00,$0.00
Supplier,Ogden Newspapers,Webster City,4/2/26,,,OVOL USA,6410093202625,Newsprint,Kruger Newsprint,45 ,267.00 mm,N30Q31K221B,1,125,125,$667.87,$83.48,$0.00,$0.00
Supplier,Ogden Newspapers,Webster City,4/2/26,,,OVOL USA,6410093202625,Newsprint,Kruger Newsprint,45 ,267.00 mm,N30Q31K216H,1,129,129,$667.87,$86.16,$0.00,$0.00
Supplier,Ogden Newspapers,Webster City,4/2/26,,,OVOL USA,6410093202625,Newsprint,Kruger Newsprint,45 ,267.00 mm,N30Q31K216G,1,127,127,$667.87,$84.82,$0.00,$0.00
Supplier,Ogden Newspapers,Webster City,4/2/26,,,OVOL USA,6410093202625,Newsprint,Kruger Newsprint,45 ,267.00 mm,N30Q31K216F,1,127,127,$667.87,$84.82,$0.00,$0.00
Supplier,Ogden Newspapers,Webster City,4/2/26,,,OVOL USA,6410093202625,Newsprint,Kruger Newsprint,45 ,267.00 mm,N30Q31K216D,1,128,128,$667.87,$85.49,$0.00,$0.00
Supplier,Ogden Newspapers,Webster City,4/2/26,,,OVOL USA,6410093202625,Newsprint,Kruger Newsprint,45 ,267.00 mm,N30Q31K216C,1,127,127,$667.87,$84.82,$0.00,$0.00
Supplier,Ogden Newspapers,Webster City,4/2/26,,,OVOL USA,6410093202625,Newsprint,Kruger Newsprint,45 ,267.00 mm,N30Q31K216B,1,127,127,$667.87,$84.82,$0.00,$0.00
Supplier,Ogden Newspapers,Webster City,4/2/26,,,OVOL USA,6410093202625,Newsprint,Kruger Newsprint,45 ,267.00 mm,N30Q31K215H,1,128,128,$667.87,$85.49,$0.00,$0.00
Supplier,Ogden Newspapers,Webster City,4/2/26,,,OVOL USA,6410093202625,Newsprint,Kruger Newsprint,45 ,267.00 mm,N30Q31K215G,1,127,127,$667.87,$84.82,$0.00,$0.00
Supplier,Ogden Newspapers,Webster City,4/2/26,,,OVOL USA,6410093202625,Newsprint,Kruger Newsprint,45 ,267.00 mm,N30Q31K215F,1,127,127,$667.87,$84.82,$0.00,$0.00
Supplier,Ogden Newspapers,Webster City,4/2/26,,,OVOL USA,6410093202625,Newsprint,Kruger Newsprint,45 ,267.00 mm,N30Q31K215D,1,128,128,$667.87,$85.49,$0.00,$0.00
Supplier,Ogden Newspapers,Webster City,4/2/26,,,OVOL USA,6410093202625,Newsprint,Kruger Newsprint,45 ,267.00 mm,N30Q31K215C,1,126,126,$667.87,$84.15,$0.00,$0.00
Supplier,Ogden Newspapers,Webster City,4/2/26,,,OVOL USA,6410093202625,Newsprint,Kruger Newsprint,45 ,267.00 mm,N30Q31K215B,1,126,126,$667.87,$84.15,$0.00,$0.00
Supplier,Ogden Newspapers,Webster City,4/2/26,,,OVOL USA,6410093202625,Newsprint,Kruger Newsprint,45 ,267.00 mm,N30Q31K214H,1,127,127,$667.87,$84.82,$0.00,$0.00
Supplier,Ogden Newspapers,Webster City,4/2/26,,,OVOL USA,6410093202625,Newsprint,Kruger Newsprint,45 ,267.00 mm,N30Q31K214G,1,126,126,$667.87,$84.15,$0.00,$0.00
Supplier,Ogden Newspapers,Webster City,4/2/26,,,OVOL USA,6410093202625,Newsprint,Kruger Newsprint,45 ,267.00 mm,N30Q31K214F,1,126,126,$667.87,$84.15,$0.00,$0.00
Supplier,Ogden Newspapers,Webster City,4/2/26,,,OVOL USA,6410093202625,Newsprint,Kruger Newsprint,45 ,267.00 mm,N30Q31K214D,1,127,127,$667.87,$84.82,$0.00,$0.00
Supplier,Ogden Newspapers,Webster City,4/2/26,,,OVOL USA,6410093202625,Newsprint,Kruger Newsprint,45 ,267.00 mm,N30Q31K214C,1,125,125,$667.87,$83.48,$0.00,$0.00
Supplier,Ogden Newspapers,Webster City,4/2/26,,,OVOL USA,6410093202625,Newsprint,Kruger Newsprint,45 ,267.00 mm,N30Q31K214B,1,125,125,$667.87,$83.48,$0.00,$0.00
Supplier,Ogden Newspapers,Webster City,4/2/26,,,OVOL USA,6410093202625,Newsprint,Kruger Newsprint,45 ,267.00 mm,N30Q31K213H,1,127,127,$667.87,$84.82,$0.00,$0.00
Supplier,Ogden Newspapers,Webster City,4/2/26,,,OVOL USA,6410093202625,Newsprint,Kruger Newsprint,45 ,267.00 mm,N30Q31K213G,1,126,126,$667.87,$84.15,$0.00,$0.00
Supplier,Ogden Newspapers,Webster City,4/2/26,,,OVOL USA,6410093202625,Newsprint,Kruger Newsprint,45 ,267.00 mm,N30Q31K213F,1,126,126,$667.87,$84.15,$0.00,$0.00
Supplier,Ogden Newspapers,Webster City,4/2/26,,,OVOL USA,6410093202625,Newsprint,Kruger Newsprint,45 ,267.00 mm,N30Q31K213D,1,127,127,$667.87,$84.82,$0.00,$0.00
Supplier,Ogden Newspapers,Webster City,4/2/26,,,OVOL USA,6410093202625,Newsprint,Kruger Newsprint,45 ,267.00 mm,N30Q31K213C,1,125,125,$667.87,$83.48,$0.00,$0.00
Supplier,Ogden Newspapers,Webster City,4/2/26,,,OVOL USA,6410093202625,Newsprint,Kruger Newsprint,45 ,267.00 mm,N30Q31K213B,1,125,125,$667.87,$83.48,$0.00,$0.00
Supplier,Ogden Newspapers,Webster City,4/2/26,,,OVOL USA,6410093202625,Newsprint,Kruger Newsprint,45 ,267.00 mm,N30Q31K212H,1,126,126,$667.87,$84.15,$0.00,$0.00
Supplier,Ogden Newspapers,Webster City,4/2/26,,,OVOL USA,6410093202625,Newsprint,Kruger Newsprint,45 ,267.00 mm,N30Q31K212G,1,126,126,$667.87,$84.15,$0.00,$0.00
Supplier,Ogden Newspapers,Webster City,4/2/26,,,OVOL USA,6410093202625,Newsprint,Kruger Newsprint,45 ,267.00 mm,N30Q31K212F,1,126,126,$667.87,$84.15,$0.00,$0.00
Supplier,Ogden Newspapers,Webster City,4/2/26,,,OVOL USA,6410093202625,Newsprint,Kruger Newsprint,45 ,267.00 mm,N30Q31K212D,1,126,126,$667.87,$84.15,$0.00,$0.00
Supplier,Ogden Newspapers,Webster City,4/2/26,,,OVOL USA,6410093202625,Newsprint,Kruger Newsprint,45 ,267.00 mm,N30Q31K212C,1,125,125,$667.87,$83.48,$0.00,$0.00
Supplier,Ogden Newspapers,Webster City,4/2/26,,,OVOL USA,6410093202625,Newsprint,Kruger Newsprint,45 ,267.00 mm,N30Q31K212B,1,125,125,$667.87,$83.48,$0.00,$0.00
Supplier,Ogden Newspapers,Webster City,4/2/26,,,OVOL USA,6410093202625,Newsprint,Kruger Newsprint,45 ,267.00 mm,N30Q31K211H,1,126,126,$667.87,$84.15,$0.00,$0.00
Supplier,Ogden Newspapers,Webster City,4/2/26,,,OVOL USA,6410093202625,Newsprint,Kruger Newsprint,45 ,267.00 mm,N30Q31K211G,1,125,125,$667.87,$83.48,$0.00,$0.00
Supplier,Ogden Newspapers,Webster City,4/2/26,,,OVOL USA,6410093202625,Newsprint,Kruger Newsprint,45 ,267.00 mm,N30Q31K211F,1,125,125,$667.87,$83.48,$0.00,$0.00
Supplier,Ogden Newspapers,Webster City,4/2/26,,,OVOL USA,6410093202625,Newsprint,Kruger Newsprint,45 ,267.00 mm,N30Q31K211D,1,126,126,$667.87,$84.15,$0.00,$0.00
Supplier,Ogden Newspapers,Webster City,4/2/26,,,OVOL USA,6410093202625,Newsprint,Kruger Newsprint,45 ,267.00 mm,N30Q31K211C,1,124,124,$667.87,$82.82,$0.00,$0.00
Supplier,Ogden Newspapers,Webster City,4/2/26,,,OVOL USA,6410093202625,Newsprint,Kruger Newsprint,45 ,267.00 mm,N30Q31K211B,1,124,124,$667.87,$82.82,$0.00,$0.00
Supplier,Ogden Newspapers,Webster City,4/2/26,,,OVOL USA,6410093202625,Newsprint,Kruger Newsprint,45 ,267.00 mm,N30Q31K201H,1,127,127,$667.87,$84.82,$0.00,$0.00
Supplier,Ogden Newspapers,Webster City,4/2/26,,,OVOL USA,6410093202625,Newsprint,Kruger Newsprint,45 ,267.00 mm,N30Q31K201G,1,127,127,$667.87,$84.82,$0.00,$0.00
Supplier,Ogden Newspapers,Webster City,4/2/26,,,OVOL USA,6410093202625,Newsprint,Kruger Newsprint,45 ,267.00 mm,N30Q31K201F,1,127,127,$667.87,$84.82,$0.00,$0.00
Supplier,Ogden Newspapers,Webster City,4/2/26,,,OVOL USA,6410093202625,Newsprint,Kruger Newsprint,45 ,267.00 mm,N30Q31K201D,1,127,127,$667.87,$84.82,$0.00,$0.00
Supplier,Ogden Newspapers,Webster City,4/2/26,,,OVOL USA,6410093202625,Newsprint,Kruger Newsprint,45 ,267.00 mm,N30Q31K201C,1,126,126,$667.87,$84.15,$0.00,$0.00
Supplier,Ogden Newspapers,Webster City,4/2/26,,,OVOL USA,6410093202625,Newsprint,Kruger Newsprint,45 ,267.00 mm,N30Q31K201B,1,126,126,$667.87,$84.15,$0.00,$0.00
Supplier,Ogden Newspapers,Webster City,4/2/26,,,OVOL USA,6410093202625,Newsprint,Kruger Newsprint,45 ,267.00 mm,N30Q31K195H,1,129,129,$667.87,$86.16,$0.00,$0.00
Supplier,Ogden Newspapers,Webster City,4/2/26,,,OVOL USA,6410093202625,Newsprint,Kruger Newsprint,45 ,267.00 mm,N30Q31K195G,1,127,127,$667.87,$84.82,$0.00,$0.00
Supplier,Ogden Newspapers,Webster City,4/2/26,,,OVOL USA,6410093202625,Newsprint,Kruger Newsprint,45 ,267.00 mm,N30Q31K195F,1,127,127,$667.87,$84.82,$0.00,$0.00
Supplier,Ogden Newspapers,Webster City,4/2/26,,,OVOL USA,6410093202625,Newsprint,Kruger Newsprint,45 ,267.00 mm,N30Q31K195D,1,126,126,$667.87,$84.15,$0.00,$0.00
Supplier,Ogden Newspapers,Webster City,4/2/26,,,OVOL USA,6410093202625,Newsprint,Kruger Newsprint,45 ,267.00 mm,N30Q31K195C,1,126,126,$667.87,$84.15,$0.00,$0.00
Supplier,Ogden Newspapers,Webster City,4/2/26,,,OVOL USA,6410093202625,Newsprint,Kruger Newsprint,45 ,267.00 mm,N30Q31K195B,1,126,126,$667.87,$84.15,$0.00,$0.00
Supplier,Ogden Newspapers,Webster City,4/2/26,,,OVOL USA,6410093202625,Newsprint,Kruger Newsprint,45 ,267.00 mm,N30Q31K194H,1,124,124,$667.87,$82.82,$0.00,$0.00
Supplier,Ogden Newspapers,Webster City,4/2/26,,,OVOL USA,6410093202625,Newsprint,Kruger Newsprint,45 ,267.00 mm,N30Q31K194G,1,122,122,$667.87,$81.48,$0.00,$0.00
Supplier,Ogden Newspapers,Webster City,4/2/26,,,OVOL USA,6410093202625,Newsprint,Kruger Newsprint,45 ,267.00 mm,N30Q31K194F,1,122,122,$667.87,$81.48,$0.00,$0.00
Supplier,Ogden Newspapers,Webster City,4/2/26,,,OVOL USA,6410093202625,Newsprint,Kruger Newsprint,45 ,267.00 mm,N30Q31K194D,1,122,122,$667.87,$81.48,$0.00,$0.00
Supplier,Ogden Newspapers,Webster City,4/2/26,,,OVOL USA,6410093202625,Newsprint,Kruger Newsprint,45 ,267.00 mm,N30Q31K194C,1,122,122,$667.87,$81.48,$0.00,$0.00
Supplier,Ogden Newspapers,Webster City,4/2/26,,,OVOL USA,6410093202625,Newsprint,Kruger Newsprint,45 ,267.00 mm,N30Q31K194B,1,122,122,$667.87,$81.48,$0.00,$0.00
Supplier,Ogden Newspapers,Webster City,4/2/26,,,OVOL USA,6410093202625,Newsprint,Kruger Newsprint,45 ,267.00 mm,N30Q31K193H,1,124,124,$667.87,$82.82,$0.00,$0.00
Supplier,Ogden Newspapers,Webster City,4/2/26,,,OVOL USA,6410093202625,Newsprint,Kruger Newsprint,45 ,267.00 mm,N30Q31K193G,1,123,123,$667.87,$82.15,$0.00,$0.00
Supplier,Ogden Newspapers,Webster City,4/2/26,,,OVOL USA,6410093202625,Newsprint,Kruger Newsprint,45 ,267.00 mm,N30Q31K193F,1,123,123,$667.87,$82.15,$0.00,$0.00
Supplier,Ogden Newspapers,Webster City,4/2/26,,,OVOL USA,6410093202625,Newsprint,Kruger Newsprint,45 ,267.00 mm,N30Q31K193D,1,123,123,$667.87,$82.15,$0.00,$0.00
Supplier,Ogden Newspapers,Webster City,4/2/26,,,OVOL USA,6410093202625,Newsprint,Kruger Newsprint,45 ,267.00 mm,N30Q31K193C,1,123,123,$667.87,$82.15,$0.00,$0.00
Supplier,Ogden Newspapers,Webster City,4/2/26,,,OVOL USA,6410093202625,Newsprint,Kruger Newsprint,45 ,267.00 mm,N30Q31K193B,1,123,123,$667.87,$82.15,$0.00,$0.00
Supplier,Ogden Newspapers,Webster City,4/2/26,,,OVOL USA,6410093202625,Newsprint,Kruger Newsprint,45 ,267.00 mm,N30Q31K192H,1,124,124,$667.87,$82.82,$0.00,$0.00
Supplier,Ogden Newspapers,Webster City,4/2/26,,,OVOL USA,6410093202625,Newsprint,Kruger Newsprint,45 ,267.00 mm,N30Q31K192G,1,122,122,$667.87,$81.48,$0.00,$0.00
Supplier,Ogden Newspapers,Webster City,4/2/26,,,OVOL USA,6410093202625,Newsprint,Kruger Newsprint,45 ,267.00 mm,N30Q31K192F,1,122,122,$667.87,$81.48,$0.00,$0.00
Supplier,Ogden Newspapers,Webster City,4/2/26,,,OVOL USA,6410093202625,Newsprint,Kruger Newsprint,45 ,267.00 mm,N30Q31K192D,1,123,123,$667.87,$82.15,$0.00,$0.00
Supplier,Ogden Newspapers,Webster City,4/2/26,,,OVOL USA,6410093202625,Newsprint,Kruger Newsprint,45 ,267.00 mm,N30Q31K192C,1,122,122,$667.87,$81.48,$0.00,$0.00
Supplier,Ogden Newspapers,Webster City,4/2/26,,,OVOL USA,6410093202625,Newsprint,Kruger Newsprint,45 ,267.00 mm,N30Q31K192B,1,122,122,$667.87,$81.48,$0.00,$0.00
Supplier,Ogden Newspapers,Webster City,4/2/26,,,OVOL USA,6410093202625,Newsprint,Kruger Newsprint,45 ,267.00 mm,N30Q31K191H,1,122,122,$667.87,$81.48,$0.00,$0.00
Supplier,Ogden Newspapers,Webster City,4/2/26,,,OVOL USA,6410093202625,Newsprint,Kruger Newsprint,45 ,267.00 mm,N30Q31K191G,1,122,122,$667.87,$81.48,$0.00,$0.00
Supplier,Ogden Newspapers,Webster City,4/2/26,,,OVOL USA,6410093202625,Newsprint,Kruger Newsprint,45 ,267.00 mm,N30Q31K191F,1,122,122,$667.87,$81.48,$0.00,$0.00
Supplier,Ogden Newspapers,Webster City,4/2/26,,,OVOL USA,6410093202625,Newsprint,Kruger Newsprint,45 ,267.00 mm,N30Q31K191D,1,123,123,$667.87,$82.15,$0.00,$0.00
Supplier,Ogden Newspapers,Webster City,4/2/26,,,OVOL USA,6410093202625,Newsprint,Kruger Newsprint,45 ,267.00 mm,N30Q31K191C,1,121,121,$667.87,$80.81,$0.00,$0.00
Supplier,Ogden Newspapers,Webster City,4/2/26,,,OVOL USA,6410093202625,Newsprint,Kruger Newsprint,45 ,267.00 mm,N30Q31K191B,1,121,121,$667.87,$80.81,$0.00,$0.00
Supplier,Ogden Newspapers,Webster City,5/11/26,5/6/26,IA202604,OVOL USA,531016980,Newsprint,Inland Newsprint,45 ,267.00 mm,IEP56E0507175,1,145,145,$735.00,$106.58,$0.00,$0.00
Supplier,Ogden Newspapers,Webster City,5/11/26,5/6/26,IA202604,OVOL USA,531016980,Newsprint,Inland Newsprint,45 ,267.00 mm,IEP56E0507170,1,145,145,$735.00,$106.58,$0.00,$0.00
Supplier,Ogden Newspapers,Webster City,5/11/26,5/6/26,IA202604,OVOL USA,531016980,Newsprint,Inland Newsprint,45 ,267.00 mm,IEP56E0507136,1,145,145,$735.00,$106.58,$0.00,$0.00
Supplier,Ogden Newspapers,Webster City,5/11/26,5/6/26,IA202604,OVOL USA,531016980,Newsprint,Inland Newsprint,45 ,267.00 mm,IEP56E0507131,1,145,145,$735.00,$106.58,$0.00,$0.00
Supplier,Ogden Newspapers,Webster City,5/11/26,5/6/26,IA202604,OVOL USA,531016980,Newsprint,Inland Newsprint,45 ,267.00 mm,IEP56E0501675,1,140,140,$735.00,$102.90,$0.00,$0.00
Supplier,Ogden Newspapers,Webster City,5/11/26,5/6/26,IA202604,OVOL USA,531016980,Newsprint,Inland Newsprint,45 ,267.00 mm,IEP56E0501670,1,140,140,$735.00,$102.90,$0.00,$0.00
Supplier,Ogden Newspapers,Webster City,5/11/26,5/6/26,IA202604,OVOL USA,531016980,Newsprint,Inland Newsprint,45 ,267.00 mm,IEP56E0501636,1,139,139,$735.00,$102.17,$0.00,$0.00
Supplier,Ogden Newspapers,Webster City,5/11/26,5/6/26,IA202604,OVOL USA,531016980,Newsprint,Inland Newsprint,45 ,267.00 mm,IEP56E0501631,1,140,140,$735.00,$102.90,$0.00,$0.00
Supplier,Ogden Newspapers,Webster City,5/11/26,5/6/26,IA202604,OVOL USA,531016980,Newsprint,Inland Newsprint,45 ,267.00 mm,IEP56E0501575,1,140,140,$735.00,$102.90,$0.00,$0.00
Supplier,Ogden Newspapers,Webster City,5/11/26,5/6/26,IA202604,OVOL USA,531016980,Newsprint,Inland Newsprint,45 ,267.00 mm,IEP56E0501570,1,140,140,$735.00,$102.90,$0.00,$0.00
Supplier,Ogden Newspapers,Webster City,5/11/26,5/6/26,IA202604,OVOL USA,531016980,Newsprint,Inland Newsprint,45 ,267.00 mm,IEP56E0501536,1,139,139,$735.00,$102.17,$0.00,$0.00
Supplier,Ogden Newspapers,Webster City,5/11/26,5/6/26,IA202604,OVOL USA,531016980,Newsprint,Inland Newsprint,45 ,267.00 mm,IEP56E0501531,1,140,140,$735.00,$102.90,$0.00,$0.00
Supplier,Ogden Newspapers,Webster City,5/11/26,5/6/26,IA202604,OVOL USA,531016980,Newsprint,Inland Newsprint,45 ,267.00 mm,IEP56E0501475,1,140,140,$735.00,$102.90,$0.00,$0.00
Supplier,Ogden Newspapers,Webster City,5/11/26,5/6/26,IA202604,OVOL USA,531016980,Newsprint,Inland Newsprint,45 ,267.00 mm,IEP56E0501470,1,140,140,$735.00,$102.90,$0.00,$0.00
Supplier,Ogden Newspapers,Webster City,5/11/26,5/6/26,IA202604,OVOL USA,531016980,Newsprint,Inland Newsprint,45 ,267.00 mm,IEP56E0501436,1,139,139,$735.00,$102.17,$0.00,$0.00
Supplier,Ogden Newspapers,Webster City,5/11/26,5/6/26,IA202604,OVOL USA,531016980,Newsprint,Inland Newsprint,45 ,267.00 mm,IEP56E0501431,1,139,139,$735.00,$102.17,$0.00,$0.00
Supplier,Ogden Newspapers,Webster City,5/11/26,5/6/26,IA202604,OVOL USA,531016980,Newsprint,Inland Newsprint,45 ,267.00 mm,IEP56E0501375,1,139,139,$735.00,$102.17,$0.00,$0.00
Supplier,Ogden Newspapers,Webster City,5/11/26,5/6/26,IA202604,OVOL USA,531016980,Newsprint,Inland Newsprint,45 ,267.00 mm,IEP56E0501370,1,140,140,$735.00,$102.90,$0.00,$0.00
Supplier,Ogden Newspapers,Webster City,5/11/26,5/6/26,IA202604,OVOL USA,531016980,Newsprint,Inland Newsprint,45 ,267.00 mm,IEP56E0501336,1,139,139,$735.00,$102.17,$0.00,$0.00
Supplier,Ogden Newspapers,Webster City,5/11/26,5/6/26,IA202604,OVOL USA,531016980,Newsprint,Inland Newsprint,45 ,267.00 mm,IEP56E0501331,1,139,139,$735.00,$102.17,$0.00,$0.00
Supplier,Ogden Newspapers,Webster City,5/11/26,5/6/26,IA202604,OVOL USA,531016980,Newsprint,Inland Newsprint,45 ,267.00 mm,IEP56E0501279,1,139,139,$735.00,$102.17,$0.00,$0.00
Supplier,Ogden Newspapers,Webster City,5/11/26,5/6/26,IA202604,OVOL USA,531016980,Newsprint,Inland Newsprint,45 ,267.00 mm,IEP56E0501275,1,139,139,$735.00,$102.17,$0.00,$0.00
Supplier,Ogden Newspapers,Webster City,5/11/26,5/6/26,IA202604,OVOL USA,531016980,Newsprint,Inland Newsprint,45 ,267.00 mm,IEP56E0501240,1,139,139,$735.00,$102.17,$0.00,$0.00
Supplier,Ogden Newspapers,Webster City,5/11/26,5/6/26,IA202604,OVOL USA,531016980,Newsprint,Inland Newsprint,45 ,267.00 mm,IEP56E0501236,1,139,139,$735.00,$102.17,$0.00,$0.00
Supplier,Ogden Newspapers,Webster City,5/11/26,5/6/26,IA202604,OVOL USA,531016980,Newsprint,Inland Newsprint,45 ,267.00 mm,IEP56E0501201,1,140,140,$735.00,$102.90,$0.00,$0.00
Supplier,Ogden Newspapers,Webster City,5/11/26,5/6/26,IA202604,OVOL USA,531016980,Newsprint,Inland Newsprint,45 ,267.00 mm,IEP56E0416879,1,142,142,$735.00,$104.37,$0.00,$0.00
Supplier,Ogden Newspapers,Webster City,5/11/26,5/6/26,IA202604,OVOL USA,531016980,Newsprint,Inland Newsprint,45 ,267.00 mm,IEP56E0416875,1,143,143,$735.00,$105.11,$0.00,$0.00
Supplier,Ogden Newspapers,Webster City,5/11/26,5/6/26,IA202604,OVOL USA,531016980,Newsprint,Inland Newsprint,45 ,267.00 mm,IEP56E0416840,1,144,144,$735.00,$105.84,$0.00,$0.00
Supplier,Ogden Newspapers,Webster City,5/11/26,5/6/26,IA202604,OVOL USA,531016980,Newsprint,Inland Newsprint,45 ,267.00 mm,IEP56E0416836,1,144,144,$735.00,$105.84,$0.00,$0.00
Supplier,Ogden Newspapers,Webster City,5/11/26,5/6/26,IA202604,OVOL USA,531016980,Newsprint,Inland Newsprint,45 ,267.00 mm,IEP56E0416801,1,140,140,$735.00,$102.90,$0.00,$0.00
Supplier,Ogden Newspapers,Webster City,5/11/26,5/6/26,IA202604,OVOL USA,531016980,Newsprint,Inland Newsprint,45 ,267.00 mm,IEP56E0416779,1,142,142,$735.00,$104.37,$0.00,$0.00
Supplier,Ogden Newspapers,Webster City,5/11/26,5/6/26,IA202604,OVOL USA,531016980,Newsprint,Inland Newsprint,45 ,267.00 mm,IEP56E0416775,1,142,142,$735.00,$104.37,$0.00,$0.00
Supplier,Ogden Newspapers,Webster City,5/11/26,5/6/26,IA202604,OVOL USA,531016980,Newsprint,Inland Newsprint,45 ,267.00 mm,IEP56E0416740,1,141,141,$735.00,$103.64,$0.00,$0.00
Supplier,Ogden Newspapers,Webster City,5/11/26,5/6/26,IA202604,OVOL USA,531016980,Newsprint,Inland Newsprint,45 ,267.00 mm,IEP56E0416736,1,142,142,$735.00,$104.37,$0.00,$0.00
Supplier,Ogden Newspapers,Webster City,5/11/26,5/6/26,IA202604,OVOL USA,531016980,Newsprint,Inland Newsprint,45 ,267.00 mm,IEP56E0416701,1,140,140,$735.00,$102.90,$0.00,$0.00
Supplier,Ogden Newspapers,Webster City,5/11/26,5/6/26,IA202604,OVOL USA,531016980,Newsprint,Inland Newsprint,45 ,267.00 mm,IEP56E0416679,1,142,142,$735.00,$104.37,$0.00,$0.00
Supplier,Ogden Newspapers,Webster City,5/11/26,5/6/26,IA202604,OVOL USA,531016980,Newsprint,Inland Newsprint,45 ,267.00 mm,IEP56E0416675,1,142,142,$735.00,$104.37,$0.00,$0.00
Supplier,Ogden Newspapers,Webster City,5/11/26,5/6/26,IA202604,OVOL USA,531016980,Newsprint,Inland Newsprint,45 ,267.00 mm,IEP56E0416640,1,141,141,$735.00,$103.64,$0.00,$0.00
Supplier,Ogden Newspapers,Webster City,5/11/26,5/6/26,IA202604,OVOL USA,531016980,Newsprint,Inland Newsprint,45 ,267.00 mm,IEP56E0416636,1,142,142,$735.00,$104.37,$0.00,$0.00
Supplier,Ogden Newspapers,Webster City,5/11/26,5/6/26,IA202604,OVOL USA,531016980,Newsprint,Inland Newsprint,45 ,267.00 mm,IEP56E0416601,1,141,141,$735.00,$103.64,$0.00,$0.00
Supplier,Ogden Newspapers,Webster City,5/11/26,5/6/26,IA202604,OVOL USA,531016980,Newsprint,Inland Newsprint,45 ,267.00 mm,IEP56E0415801,1,142,142,$735.00,$104.37,$0.00,$0.00
Supplier,Ogden Newspapers,Webster City,5/11/26,5/6/26,IA202604,OVOL USA,531016980,Newsprint,Inland Newsprint,45 ,267.00 mm,IEP56E0415701,1,142,142,$735.00,$104.37,$0.00,$0.00
Supplier,Ogden Newspapers,Webster City,5/11/26,5/6/26,IA202604,OVOL USA,531016980,Newsprint,Inland Newsprint,45 ,267.00 mm,IEP56E0415256,1,144,144,$735.00,$105.84,$0.00,$0.00
Supplier,Ogden Newspapers,Webster City,5/11/26,5/6/26,IA202604,OVOL USA,531016980,Newsprint,Inland Newsprint,45 ,267.00 mm,IEP56E0415251,1,144,144,$735.00,$105.84,$0.00,$0.00
Supplier,Ogden Newspapers,Webster City,5/11/26,5/6/26,IA202604,OVOL USA,531016980,Newsprint,Inland Newsprint,45 ,267.00 mm,IEP56E0415201,1,142,142,$735.00,$104.37,$0.00,$0.00
Supplier,Ogden Newspapers,Webster City,5/11/26,5/6/26,IA202604,OVOL USA,531016980,Newsprint,Inland Newsprint,45 ,267.00 mm,IEP56E0415156,1,143,143,$735.00,$105.11,$0.00,$0.00
Supplier,Ogden Newspapers,Webster City,5/11/26,5/6/26,IA202604,OVOL USA,531016980,Newsprint,Inland Newsprint,45 ,267.00 mm,IEP56E0415151,1,144,144,$735.00,$105.84,$0.00,$0.00
Supplier,Ogden Newspapers,Webster City,5/11/26,5/6/26,IA202604,OVOL USA,531016980,Newsprint,Inland Newsprint,45 ,267.00 mm,IEP56E0415101,1,142,142,$735.00,$104.37,$0.00,$0.00
Supplier,Ogden Newspapers,Webster City,5/11/26,5/6/26,IA202604,OVOL USA,531016980,Newsprint,Inland Newsprint,45 ,267.00 mm,IEP56E0413771,1,147,147,$735.00,$108.05,$0.00,$0.00
Supplier,Ogden Newspapers,Webster City,5/11/26,5/6/26,IA202604,OVOL USA,531016980,Newsprint,Inland Newsprint,45 ,267.00 mm,IEP56E0413767,1,147,147,$735.00,$108.05,$0.00,$0.00
Supplier,Ogden Newspapers,Webster City,5/11/26,5/6/26,IA202604,OVOL USA,531016980,Newsprint,Inland Newsprint,45 ,267.00 mm,IEP56E0413740,1,147,147,$735.00,$108.05,$0.00,$0.00
Supplier,Ogden Newspapers,Webster City,5/11/26,5/6/26,IA202604,OVOL USA,531016980,Newsprint,Inland Newsprint,45 ,267.00 mm,IEP56E0413671,1,148,148,$735.00,$108.78,$0.00,$0.00
Supplier,Ogden Newspapers,Webster City,5/11/26,5/6/26,IA202604,OVOL USA,531016980,Newsprint,Inland Newsprint,45 ,267.00 mm,IEP56E0413667,1,148,148,$735.00,$108.78,$0.00,$0.00
Supplier,Ogden Newspapers,Webster City,5/11/26,5/6/26,IA202604,OVOL USA,531016980,Newsprint,Inland Newsprint,45 ,267.00 mm,IEP56E0413640,1,148,148,$735.00,$108.78,$0.00,$0.00
Supplier,Ogden Newspapers,Webster City,5/11/26,5/6/26,IA202604,OVOL USA,531016980,Newsprint,Inland Newsprint,45 ,267.00 mm,IEP56E0413572,1,147,147,$735.00,$108.05,$0.00,$0.00
Supplier,Ogden Newspapers,Webster City,5/11/26,5/6/26,IA202604,OVOL USA,531016980,Newsprint,Inland Newsprint,45 ,267.00 mm,IEP56E0413568,1,148,148,$735.00,$108.78,$0.00,$0.00
Supplier,Ogden Newspapers,Webster City,5/11/26,5/6/26,IA202604,OVOL USA,531016980,Newsprint,Inland Newsprint,45 ,267.00 mm,IEP56E0413541,1,147,147,$735.00,$108.05,$0.00,$0.00
Supplier,Ogden Newspapers,Webster City,5/11/26,5/6/26,IA202604,OVOL USA,531016980,Newsprint,Inland Newsprint,45 ,267.00 mm,IEP56E0413537,1,148,148,$735.00,$108.78,$0.00,$0.00
Supplier,Ogden Newspapers,Webster City,5/11/26,5/6/26,IA202604,OVOL USA,531016980,Newsprint,Inland Newsprint,45 ,267.00 mm,IEP56E0413472,1,147,147,$735.00,$108.05,$0.00,$0.00
Supplier,Ogden Newspapers,Webster City,5/11/26,5/6/26,IA202604,OVOL USA,531016980,Newsprint,Inland Newsprint,45 ,267.00 mm,IEP56E0413468,1,147,147,$735.00,$108.05,$0.00,$0.00
Supplier,Ogden Newspapers,Webster City,5/11/26,5/6/26,IA202604,OVOL USA,531016980,Newsprint,Inland Newsprint,45 ,267.00 mm,IEP56E0413441,1,147,147,$735.00,$108.05,$0.00,$0.00
Supplier,Ogden Newspapers,Webster City,5/11/26,5/6/26,IA202604,OVOL USA,531016980,Newsprint,Inland Newsprint,45 ,267.00 mm,IEP56E0413437,1,147,147,$735.00,$108.05,$0.00,$0.00
Supplier,Ogden Newspapers,Webster City,5/11/26,5/6/26,IA202604,OVOL USA,531016980,Newsprint,Inland Newsprint,45 ,267.00 mm,IEP56E0413372,1,148,148,$735.00,$108.78,$0.00,$0.00
Supplier,Ogden Newspapers,Webster City,5/11/26,5/6/26,IA202604,OVOL USA,531016980,Newsprint,Inland Newsprint,45 ,267.00 mm,IEP56E0413368,1,148,148,$735.00,$108.78,$0.00,$0.00
Supplier,Ogden Newspapers,Webster City,5/11/26,5/6/26,IA202604,OVOL USA,531016980,Newsprint,Inland Newsprint,45 ,267.00 mm,IEP56E0413341,1,147,147,$735.00,$108.05,$0.00,$0.00
Supplier,Ogden Newspapers,Webster City,5/11/26,5/6/26,IA202604,OVOL USA,531016980,Newsprint,Inland Newsprint,45 ,267.00 mm,IEP56E0413337,1,147,147,$735.00,$108.05,$0.00,$0.00
Supplier,Ogden Newspapers,Webster City,5/11/26,5/6/26,IA202604,OVOL USA,531016980,Newsprint,Inland Newsprint,45 ,267.00 mm,IEP56E0413272,1,147,147,$735.00,$108.05,$0.00,$0.00
Supplier,Ogden Newspapers,Webster City,5/11/26,5/6/26,IA202604,OVOL USA,531016980,Newsprint,Inland Newsprint,45 ,267.00 mm,IEP56E0413268,1,147,147,$735.00,$108.05,$0.00,$0.00
Supplier,Ogden Newspapers,Webster City,5/11/26,5/6/26,IA202604,OVOL USA,531016980,Newsprint,Inland Newsprint,45 ,267.00 mm,IEP56E0413241,1,147,147,$735.00,$108.05,$0.00,$0.00
Supplier,Ogden Newspapers,Webster City,5/11/26,5/6/26,IA202604,OVOL USA,531016980,Newsprint,Inland Newsprint,45 ,267.00 mm,IEP56E0413237,1,147,147,$735.00,$108.05,$0.00,$0.00
Supplier,Ogden Newspapers,Webster City,5/11/26,5/6/26,IA202604,OVOL USA,531016980,Newsprint,Inland Newsprint,45 ,267.00 mm,IEP56E0412856,1,146,146,$735.00,$107.31,$0.00,$0.00
Supplier,Ogden Newspapers,Webster City,5/11/26,5/6/26,IA202604,OVOL USA,531016980,Newsprint,Inland Newsprint,45 ,267.00 mm,IEP56E0412851,1,147,147,$735.00,$108.05,$0.00,$0.00
Supplier,Ogden Newspapers,Webster City,5/11/26,5/6/26,IA202604,OVOL USA,531016980,Newsprint,Inland Newsprint,45 ,267.00 mm,IEP56E0412801,1,144,144,$735.00,$105.84,$0.00,$0.00
Supplier,Ogden Newspapers,Webster City,5/11/26,5/6/26,IA202604,OVOL USA,531016980,Newsprint,Inland Newsprint,45 ,267.00 mm,IEP56E0412756,1,146,146,$735.00,$107.31,$0.00,$0.00
Supplier,Ogden Newspapers,Webster City,5/11/26,5/6/26,IA202604,OVOL USA,531016980,Newsprint,Inland Newsprint,45 ,267.00 mm,IEP56E0412751,1,146,146,$735.00,$107.31,$0.00,$0.00
Supplier,Ogden Newspapers,Webster City,5/11/26,5/6/26,IA202604,OVOL USA,531016980,Newsprint,Inland Newsprint,45 ,267.00 mm,IEP56E0412701,1,144,144,$735.00,$105.84,$0.00,$0.00
Supplier,Ogden Newspapers,Webster City,5/11/26,5/6/26,IA202604,OVOL USA,531016980,Newsprint,Inland Newsprint,45 ,267.00 mm,IEP56E0412656,1,145,145,$735.00,$106.58,$0.00,$0.00
Supplier,Ogden Newspapers,Webster City,5/11/26,5/6/26,IA202604,OVOL USA,531016980,Newsprint,Inland Newsprint,45 ,267.00 mm,IEP56E0412651,1,145,145,$735.00,$106.58,$0.00,$0.00
Supplier,Ogden Newspapers,Webster City,5/11/26,5/6/26,IA202604,OVOL USA,531016980,Newsprint,Inland Newsprint,45 ,267.00 mm,IEP56E0412601,1,143,143,$735.00,$105.11,$0.00,$0.00
Supplier,Ogden Newspapers,Webster City,5/11/26,5/6/26,IA202604,OVOL USA,531016980,Newsprint,Inland Newsprint,45 ,267.00 mm,IEP56E0412556,1,144,144,$735.00,$105.84,$0.00,$0.00
Supplier,Ogden Newspapers,Webster City,5/11/26,5/6/26,IA202604,OVOL USA,531016980,Newsprint,Inland Newsprint,45 ,267.00 mm,IEP56E0412551,1,145,145,$735.00,$106.58,$0.00,$0.00
Supplier,Ogden Newspapers,Webster City,5/11/26,5/6/26,IA202604,OVOL USA,531016980,Newsprint,Inland Newsprint,45 ,267.00 mm,IEP56E0412501,1,143,143,$735.00,$105.11,$0.00,$0.00
Supplier,Ogden Newspapers,Webster City,5/11/26,5/6/26,IA202604,OVOL USA,531016980,Newsprint,Inland Newsprint,45 ,267.00 mm,IEP56E0412456,1,143,143,$735.00,$105.11,$0.00,$0.00
Supplier,Ogden Newspapers,Webster City,5/11/26,5/6/26,IA202604,OVOL USA,531016980,Newsprint,Inland Newsprint,45 ,267.00 mm,IEP56E0412451,1,143,143,$735.00,$105.11,$0.00,$0.00
Supplier,Ogden Newspapers,Webster City,5/11/26,5/6/26,IA202604,OVOL USA,531016980,Newsprint,Inland Newsprint,45 ,267.00 mm,IEP56E0412401,1,141,141,$735.00,$103.64,$0.00,$0.00
Supplier,Ogden Newspapers,Webster City,5/11/26,5/6/26,IA202604,OVOL USA,531016980,Newsprint,Inland Newsprint,45 ,267.00 mm,IEP56E0412356,1,143,143,$735.00,$105.11,$0.00,$0.00
Supplier,Ogden Newspapers,Webster City,5/11/26,5/6/26,IA202604,OVOL USA,531016980,Newsprint,Inland Newsprint,45 ,267.00 mm,IEP56E0412351,1,143,143,$735.00,$105.11,$0.00,$0.00
Supplier,Ogden Newspapers,Webster City,5/11/26,5/6/26,IA202604,OVOL USA,531016980,Newsprint,Inland Newsprint,45 ,267.00 mm,IEP56E0412301,1,142,142,$735.00,$104.37,$0.00,$0.00
Supplier,Ogden Newspapers,Webster City,5/11/26,5/6/26,IA202604,OVOL USA,531016980,Newsprint,Inland Newsprint,45 ,267.00 mm,IEP56E0412256,1,142,142,$735.00,$104.37,$0.00,$0.00
Supplier,Ogden Newspapers,Webster City,5/11/26,5/6/26,IA202604,OVOL USA,531016980,Newsprint,Inland Newsprint,45 ,267.00 mm,IEP56E0412251,1,142,142,$735.00,$104.37,$0.00,$0.00
Supplier,Ogden Newspapers,Webster City,5/11/26,5/6/26,IA202604,OVOL USA,531016980,Newsprint,Inland Newsprint,45 ,267.00 mm,IEP56E0412201,1,140,140,$735.00,$102.90,$0.00,$0.00
Supplier,Ogden Newspapers,Webster City,5/11/26,5/6/26,IA202604,OVOL USA,531016980,Newsprint,Inland Newsprint,45 ,267.00 mm,IEP56E0412156,1,142,142,$735.00,$104.37,$0.00,$0.00
Supplier,Ogden Newspapers,Webster City,5/11/26,5/6/26,IA202604,OVOL USA,531016980,Newsprint,Inland Newsprint,45 ,267.00 mm,IEP56E0412151,1,142,142,$735.00,$104.37,$0.00,$0.00
Supplier,Ogden Newspapers,Webster City,5/11/26,5/6/26,IA202604,OVOL USA,531016980,Newsprint,Inland Newsprint,45 ,267.00 mm,IEP56E0412101,1,141,141,$735.00,$103.64,$0.00,$0.00
Supplier,Ogden Newspapers,Webster City,5/11/26,5/6/26,IA202604,OVOL USA,531016980,Newsprint,Inland Newsprint,45 ,267.00 mm,IEP56E0411540,1,151,151,$735.00,$110.99,$0.00,$0.00
Supplier,Ogden Newspapers,Webster City,5/11/26,5/6/26,IA202604,OVOL USA,531016980,Newsprint,Inland Newsprint,45 ,267.00 mm,IEP56E0411535,1,151,151,$735.00,$110.99,$0.00,$0.00
Supplier,Ogden Newspapers,Webster City,5/11/26,5/6/26,IA202604,OVOL USA,531016980,Newsprint,Inland Newsprint,45 ,267.00 mm,IEP56E0110314,1,144,144,$735.00,$105.84,$0.00,$0.00
Supplier,Ogden Newspapers,Webster City,5/11/26,5/6/26,IA202604,OVOL USA,531016980,Newsprint,Inland Newsprint,45 ,267.00 mm,IEP56E0110310,1,144,144,$735.00,$105.84,$0.00,$0.00
Supplier,Ogden Newspapers,Webster City,5/11/26,5/6/26,IA202604,OVOL USA,531016980,Newsprint,Inland Newsprint,45 ,267.00 mm,IEP56D2110854,1,140,140,$735.00,$102.90,$0.00,$0.00
Supplier,Ogden Newspapers,Webster City,5/11/26,5/6/26,IA202604,OVOL USA,531016980,Newsprint,Inland Newsprint,45 ,267.00 mm,IEP56D2110754,1,146,146,$735.00,$107.31,$0.00,$0.00
Supplier,Ogden Newspapers,Webster City,5/11/26,5/6/26,IA202604,OVOL USA,531016980,Newsprint,Inland Newsprint,45 ,267.00 mm,IEP56D2110654,1,147,147,$735.00,$108.05,$0.00,$0.00
Supplier,Ogden Newspapers,Webster City,5/11/26,5/6/26,IA202604,OVOL USA,531016980,Newsprint,Inland Newsprint,45 ,267.00 mm,IEP56D2110554,1,146,146,$735.00,$107.31,$0.00,$0.00
Supplier,Ogden Newspapers,Webster City,5/11/26,5/6/26,IA202604,OVOL USA,531016980,Newsprint,Inland Newsprint,45 ,267.00 mm,IEP56D2110454,1,146,146,$735.00,$107.31,$0.00,$0.00
Supplier,Ogden Newspapers,Webster City,5/11/26,5/6/26,IA202604,OVOL USA,531016980,Newsprint,Inland Newsprint,45 ,267.00 mm,IEP56D2110354,1,145,145,$735.00,$106.58,$0.00,$0.00
Supplier,Ogden Newspapers,Webster City,5/11/26,5/6/26,IA202604,OVOL USA,531016980,Newsprint,Inland Newsprint,45 ,267.00 mm,IEP56D2108654,1,145,145,$735.00,$106.58,$0.00,$0.00
Supplier,Ogden Newspapers,Webster City,5/11/26,5/6/26,IA202604,OVOL USA,531016980,Newsprint,Inland Newsprint,45 ,267.00 mm,IEP56D2108228,1,145,145,$735.00,$106.58,$0.00,$0.00
Supplier,Ogden Newspapers,Webster City,5/11/26,5/6/26,IA202604,OVOL USA,531016980,Newsprint,Inland Newsprint,45 ,267.00 mm,IEP56D2108128,1,145,145,$735.00,$106.58,$0.00,$0.00
Supplier,Ogden Newspapers,Webster City,5/11/26,5/6/26,IA202604,OVOL USA,531016980,Newsprint,Inland Newsprint,45 ,267.00 mm,IEP56D2107428,1,142,142,$735.00,$104.37,$0.00,$0.00
Supplier,Ogden Newspapers,Webster City,5/11/26,5/6/26,IA202604,OVOL USA,531016980,Newsprint,Inland Newsprint,45 ,267.00 mm,IEP56D2107328,1,145,145,$735.00,$106.58,$0.00,$0.00
Supplier,Ogden Newspapers,Webster City,5/11/26,5/6/26,IA202604,OVOL USA,531016980,Newsprint,Inland Newsprint,45 ,267.00 mm,IEP56D2107228,1,145,145,$735.00,$106.58,$0.00,$0.00
Supplier,Ogden Newspapers,Webster City,5/11/26,5/6/26,IA202604,OVOL USA,531016980,Newsprint,Inland Newsprint,45 ,267.00 mm,IEP56D2107128,1,141,141,$735.00,$103.64,$0.00,$0.00
Supplier,Ogden Newspapers,Webster City,5/11/26,5/6/26,IA202604,OVOL USA,531016980,Newsprint,Inland Newsprint,45 ,267.00 mm,IEP56D2105828,1,141,141,$735.00,$103.64,$0.00,$0.00
Supplier,Ogden Newspapers,Webster City,5/11/26,5/6/26,IA202604,OVOL USA,531016980,Newsprint,Inland Newsprint,45 ,267.00 mm,IEP56D2105728,1,147,147,$735.00,$108.05,$0.00,$0.00
Supplier,Ogden Newspapers,Webster City,5/11/26,5/6/26,IA202604,OVOL USA,531016980,Newsprint,Inland Newsprint,45 ,267.00 mm,IEP56D2105628,1,147,147,$735.00,$108.05,$0.00,$0.00
Supplier,Ogden Newspapers,Webster City,5/11/26,5/6/26,IA202604,OVOL USA,531016980,Newsprint,Inland Newsprint,45 ,267.00 mm,IEP56D2103828,1,149,149,$735.00,$109.52,$0.00,$0.00
Supplier,Ogden Newspapers,Webster City,5/11/26,5/6/26,IA202604,OVOL USA,531016980,Newsprint,Inland Newsprint,45 ,267.00 mm,IEP56D2103728,1,149,149,$735.00,$109.52,$0.00,$0.00
Supplier,Ogden Newspapers,Webster City,5/11/26,5/6/26,IA202604,OVOL USA,531016980,Newsprint,Inland Newsprint,45 ,267.00 mm,IEP56D2103628,1,147,147,$735.00,$108.05,$0.00,$0.00
Supplier,Ogden Newspapers,Webster City,5/11/26,5/6/26,IA202604,OVOL USA,531016980,Newsprint,Inland Newsprint,45 ,267.00 mm,IEP56D2103528,1,147,147,$735.00,$108.05,$0.00,$0.00
Supplier,Ogden Newspapers,Webster City,5/11/26,5/6/26,IA202604,OVOL USA,531016980,Newsprint,Inland Newsprint,45 ,267.00 mm,IEP56D2103428,1,147,147,$735.00,$108.05,$0.00,$0.00
Supplier,Ogden Newspapers,Webster City,5/11/26,5/6/26,IA202604,OVOL USA,531016980,Newsprint,Inland Newsprint,45 ,267.00 mm,IEP56D2103328,1,147,147,$735.00,$108.05,$0.00,$0.00
Supplier,Ogden Newspapers,Webster City,5/11/26,5/6/26,IA202604,OVOL USA,531016980,Newsprint,Inland Newsprint,45 ,267.00 mm,IEP56D2103128,1,141,141,$735.00,$103.64,$0.00,$0.00
Supplier,Ogden Newspapers,Webster City,5/11/26,5/6/26,IA202604,OVOL USA,531016980,Newsprint,Inland Newsprint,45 ,267.00 mm,IEP56D2005535,1,138,138,$735.00,$101.43,$0.00,$0.00
Supplier,Ogden Newspapers,Webster City,5/11/26,5/6/26,IA202604,OVOL USA,531016980,Newsprint,Inland Newsprint,45 ,267.00 mm,IEP56D2005531,1,138,138,$735.00,$101.43,$0.00,$0.00
Supplier,Ogden Newspapers,Webster City,5/11/26,5/6/26,IA202604,OVOL USA,531016980,Newsprint,Inland Newsprint,45 ,267.00 mm,IEP56D2005435,1,138,138,$735.00,$101.43,$0.00,$0.00
Supplier,Ogden Newspapers,Webster City,5/11/26,5/6/26,IA202604,OVOL USA,531016980,Newsprint,Inland Newsprint,45 ,267.00 mm,IEP56D2005431,1,138,138,$735.00,$101.43,$0.00,$0.00
Supplier,Ogden Newspapers,Webster City,5/11/26,5/6/26,IA202604,OVOL USA,531016980,Newsprint,Inland Newsprint,45 ,267.00 mm,IEP56D2005235,1,144,144,$735.00,$105.84,$0.00,$0.00
Supplier,Ogden Newspapers,Webster City,5/11/26,5/6/26,IA202604,OVOL USA,531016980,Newsprint,Inland Newsprint,45 ,267.00 mm,IEP56D2005231,1,145,145,$735.00,$106.58,$0.00,$0.00
Supplier,Ogden Newspapers,Webster City,5/11/26,5/6/26,IA202604,OVOL USA,531016980,Newsprint,Inland Newsprint,45 ,267.00 mm,IEP56D2005135,1,146,146,$735.00,$107.31,$0.00,$0.00
Supplier,Ogden Newspapers,Webster City,5/11/26,5/6/26,IA202604,OVOL USA,531016980,Newsprint,Inland Newsprint,45 ,267.00 mm,IEP56D2005131,1,146,146,$735.00,$107.31,$0.00,$0.00
Quantity Subtotals: ,,,,,,,,,,,,,462,"63,017","63,017",,"$43,417.76",,$0.00
,,,,,,,,,,,,,,,,,,,
Supplier,Ogden Newspapers,Webster City,11/6/24,,,OVOL USA,,Hi-Brite,Norbrite 92,74 ,318.00 mm,AH21216,1,440,440,"$1,234.58",$543.22,$0.00,$0.00
Supplier,Ogden Newspapers,Webster City,7/11/25,,,OVOL USA,64100932025071,Newsprint,Kruger Newsprint,45 ,318.00 mm,N30F28K021B,1,151,151,$614.42,$92.78,$0.00,$0.00
Supplier,Ogden Newspapers,Webster City,7/11/25,,,OVOL USA,64100932025071,Newsprint,Kruger Newsprint,45 ,318.00 mm,N30F28K0213,1,150,150,$614.42,$92.16,$0.00,$0.00
Quantity Subtotals: ,,,,,,,,,,,,,3,741,741,,$728.16,,$0.00
,,,,,,,,,,,,,,,,,,,
Supplier,Ogden Newspapers,Webster City,11/6/24,,,OVOL USA,,Hi-Brite,Alternative Offset,51.8 ,368.00 mm,KL949,1,401,401,"$1,146.39",$459.70,$0.00,$0.00
Supplier,Ogden Newspapers,Webster City,11/6/24,,,OVOL USA,,Hi-Brite,Alternative Offset,51.8 ,368.00 mm,KL934,1,410,410,"$1,146.39",$470.02,$0.00,$0.00
Supplier,Ogden Newspapers,Webster City,11/6/24,,,OVOL USA,,Hi-Brite,Alternative Offset,51.8 ,368.00 mm,KL904,1,411,411,"$1,146.39",$471.17,$0.00,$0.00
Supplier,Ogden Newspapers,Webster City,11/6/24,,,OVOL USA,,Hi-Brite,Alternative Offset,51.8 ,368.00 mm,KL903,1,402,402,"$1,146.39",$460.85,$0.00,$0.00
Supplier,Ogden Newspapers,Webster City,12/29/21,,,OVOL USA,6410002202201,Hi-Brite,Star Brite 80,51.8 ,368.00 mm,T7S1M03202B,1,194,194,$985.00,$191.09,$0.00,$0.00
Supplier,Ogden Newspapers,Webster City,12/29/21,,,OVOL USA,6410002202201,Hi-Brite,Star Brite 80,51.8 ,368.00 mm,T7S1M03201B,1,193,193,$985.00,$190.11,$0.00,$0.00
Supplier,Ogden Newspapers,Webster City,12/29/21,,,OVOL USA,6410002202201,Hi-Brite,Star Brite 80,51.8 ,368.00 mm,T7S1M03193B,1,195,195,$985.00,$192.08,$0.00,$0.00
Supplier,Ogden Newspapers,Webster City,12/29/21,,,OVOL USA,6410002202201,Hi-Brite,Star Brite 80,51.8 ,368.00 mm,T7S1M03192B,1,195,195,$985.00,$192.08,$0.00,$0.00
Supplier,Ogden Newspapers,Webster City,12/29/21,,,OVOL USA,6410002202201,Hi-Brite,Star Brite 80,51.8 ,368.00 mm,T7S1M03191B,1,196,196,$985.00,$193.06,$0.00,$0.00
Supplier,Ogden Newspapers,Webster City,12/29/21,,,OVOL USA,6410002202201,Hi-Brite,Star Brite 80,51.8 ,368.00 mm,T7S1M03183B,1,195,195,$985.00,$192.08,$0.00,$0.00
Supplier,Ogden Newspapers,Webster City,12/29/21,,,OVOL USA,6410002202201,Hi-Brite,Star Brite 80,51.8 ,368.00 mm,T7S1M03182B,1,194,194,$985.00,$191.09,$0.00,$0.00
Supplier,Ogden Newspapers,Webster City,12/29/21,,,OVOL USA,6410002202201,Hi-Brite,Star Brite 80,51.8 ,368.00 mm,T7S1M03181B,1,194,194,$985.00,$191.09,$0.00,$0.00
Quantity Subtotals: ,,,,,,,,,,,,,12,"3,180","3,180",,"$3,394.42",,$0.00
,,,,,,,,,,,,,,,,,,,
Supplier,Ogden Newspapers,Webster City,1/19/23,,,OVOL USA,6410033202311,Newsprint,Kap Paper Newsprint,45 ,381.00 mm,M343A16133F,1,201,201,$816.81,$164.18,$0.00,$0.00
Supplier,Ogden Newspapers,Webster City,1/19/23,,,OVOL USA,6410033202311,Newsprint,Kap Paper Newsprint,45 ,381.00 mm,M343A16133E,1,201,201,$816.81,$164.18,$0.00,$0.00
Supplier,Ogden Newspapers,Webster City,1/19/23,,,OVOL USA,6410033202311,Newsprint,Kap Paper Newsprint,45 ,381.00 mm,M343A16131F,1,199,199,$816.81,$162.55,$0.00,$0.00
Supplier,Ogden Newspapers,Webster City,1/19/23,,,OVOL USA,6410033202311,Newsprint,Kap Paper Newsprint,45 ,381.00 mm,M343A16131E,1,199,199,$816.81,$162.55,$0.00,$0.00
Quantity Subtotals: ,,,,,,,,,,,,,4,800,800,,$653.46,,$0.00
,,,,,,,,,,,,,,,,,,,
Supplier,Ogden Newspapers,Webster City,8/21/23,,,OVOL USA,64100932023083,Hi-Brite,KruBrite 80 Offset,51.8 ,432.00 mm,N3GH19K066D,1,246,246,"$1,035.00",$254.61,$0.00,$0.00
Supplier,Ogden Newspapers,Webster City,8/21/23,,,OVOL USA,64100932023083,Hi-Brite,KruBrite 80 Offset,51.8 ,432.00 mm,N3GH19K065D,1,244,244,"$1,035.00",$252.54,$0.00,$0.00
Supplier,Ogden Newspapers,Webster City,8/21/23,,,OVOL USA,64100932023083,Hi-Brite,KruBrite 80 Offset,51.8 ,432.00 mm,N3GH19K065C,1,244,244,"$1,035.00",$252.54,$0.00,$0.00
Supplier,Ogden Newspapers,Webster City,8/21/23,,,OVOL USA,64100932023083,Hi-Brite,KruBrite 80 Offset,51.8 ,432.00 mm,N3GH19K061D,1,240,240,"$1,035.00",$248.40,$0.00,$0.00
Supplier,Ogden Newspapers,Webster City,8/21/23,,,OVOL USA,64100932023083,Hi-Brite,KruBrite 80 Offset,51.8 ,432.00 mm,N3GH19K061C,1,240,240,"$1,035.00",$248.40,$0.00,$0.00
Supplier,Ogden Newspapers,Webster City,8/21/23,,,OVOL USA,64100932023083,Hi-Brite,KruBrite 80 Offset,51.8 ,432.00 mm,N3GH19K056D,1,247,247,"$1,035.00",$255.65,$0.00,$0.00
Supplier,Ogden Newspapers,Webster City,8/21/23,,,OVOL USA,64100932023083,Hi-Brite,KruBrite 80 Offset,51.8 ,432.00 mm,N3GH19K056C,1,246,246,"$1,035.00",$254.61,$0.00,$0.00
Supplier,Ogden Newspapers,Webster City,8/21/23,,,OVOL USA,64100932023083,Hi-Brite,KruBrite 80 Offset,51.8 ,432.00 mm,N3GH19K052D,1,243,243,"$1,035.00",$251.51,$0.00,$0.00
Supplier,Ogden Newspapers,Webster City,10/31/23,,,OVOL USA,64100932023103,Hi-Brite,KruBrite 80 Offset,51.8 ,432.00 mm,N3GK25K011D,1,238,238,"$1,015.00",$241.57,$0.00,$0.00
Supplier,Ogden Newspapers,Webster City,10/31/23,,,OVOL USA,64100932023103,Hi-Brite,KruBrite 80 Offset,51.8 ,432.00 mm,N3GK25K011C,1,238,238,"$1,015.00",$241.57,$0.00,$0.00
Supplier,Ogden Newspapers,Webster City,10/31/23,,,OVOL USA,64100932023103,Hi-Brite,KruBrite 80 Offset,51.8 ,432.00 mm,N3GK24K246F,1,243,243,"$1,015.00",$246.65,$0.00,$0.00
Supplier,Ogden Newspapers,Webster City,10/31/23,,,OVOL USA,64100932023103,Hi-Brite,KruBrite 80 Offset,51.8 ,432.00 mm,N3GK24K246E,1,243,243,"$1,015.00",$246.65,$0.00,$0.00
Supplier,Ogden Newspapers,Webster City,10/31/23,,,OVOL USA,64100932023103,Hi-Brite,KruBrite 80 Offset,51.8 ,432.00 mm,N3GK24K246D,1,243,243,"$1,015.00",$246.65,$0.00,$0.00
Supplier,Ogden Newspapers,Webster City,10/31/23,,,OVOL USA,64100932023103,Hi-Brite,KruBrite 80 Offset,51.8 ,432.00 mm,N3GK24K246C,1,242,242,"$1,015.00",$245.63,$0.00,$0.00
Supplier,Ogden Newspapers,Webster City,3/26/24,,,OVOL USA,64100932024033,Hi-Brite,KruBrite 80 Offset,51.8 ,432.00 mm,N3GQ24K151D,1,229,229,$990.91,$226.92,$0.00,$0.00
Supplier,Ogden Newspapers,Webster City,3/26/24,,,OVOL USA,64100932024033,Hi-Brite,KruBrite 80 Offset,51.8 ,432.00 mm,N3GQ24K151C,1,229,229,$990.91,$226.92,$0.00,$0.00
Supplier,Ogden Newspapers,Webster City,3/26/24,,,OVOL USA,64100932024033,Hi-Brite,KruBrite 80 Offset,51.8 ,432.00 mm,N3GQ24K145D,1,234,234,$990.91,$231.87,$0.00,$0.00
Supplier,Ogden Newspapers,Webster City,3/26/24,,,OVOL USA,64100932024033,Hi-Brite,KruBrite 80 Offset,51.8 ,432.00 mm,N3GQ24K145C,1,233,233,$990.91,$230.88,$0.00,$0.00
Supplier,Ogden Newspapers,Webster City,3/26/24,,,OVOL USA,64100932024033,Hi-Brite,KruBrite 80 Offset,51.8 ,432.00 mm,N3GQ22K021F,1,225,225,$990.91,$222.95,$0.00,$0.00
Supplier,Ogden Newspapers,Webster City,3/26/24,,,OVOL USA,64100932024033,Hi-Brite,KruBrite 80 Offset,51.8 ,432.00 mm,N3GQ22K021E,1,224,224,$990.91,$221.96,$0.00,$0.00
Supplier,Ogden Newspapers,Webster City,3/26/24,,,OVOL USA,64100932024033,Hi-Brite,KruBrite 80 Offset,51.8 ,432.00 mm,N3GQ22K021C,1,224,224,$990.91,$221.96,$0.00,$0.00
Supplier,Ogden Newspapers,Webster City,3/26/24,,,OVOL USA,64100932024033,Hi-Brite,KruBrite 80 Offset,51.8 ,432.00 mm,N3GQ22K021B,1,224,224,$990.91,$221.96,$0.00,$0.00
Supplier,Ogden Newspapers,Webster City,3/26/24,,,OVOL USA,64100932024033,Hi-Brite,KruBrite 80 Offset,51.8 ,432.00 mm,N3GQ21K124F,1,230,230,$990.91,$227.91,$0.00,$0.00
Supplier,Ogden Newspapers,Webster City,3/26/24,,,OVOL USA,64100932024033,Hi-Brite,KruBrite 80 Offset,51.8 ,432.00 mm,N3GQ21K124E,1,229,229,$990.91,$226.92,$0.00,$0.00
Supplier,Ogden Newspapers,Webster City,3/26/24,,,OVOL USA,64100932024033,Hi-Brite,KruBrite 80 Offset,51.8 ,432.00 mm,N3GQ21K124C,1,229,229,$990.91,$226.92,$0.00,$0.00
Supplier,Ogden Newspapers,Webster City,3/26/24,,,OVOL USA,64100932024033,Hi-Brite,KruBrite 80 Offset,51.8 ,432.00 mm,N3GQ21K124B,1,228,228,$990.91,$225.93,$0.00,$0.00
Supplier,Ogden Newspapers,Webster City,3/26/24,,,OVOL USA,64100932024033,Hi-Brite,KruBrite 80 Offset,51.8 ,432.00 mm,N3GQ21K123F,1,230,230,$990.91,$227.91,$0.00,$0.00
Supplier,Ogden Newspapers,Webster City,3/26/24,,,OVOL USA,64100932024033,Hi-Brite,KruBrite 80 Offset,51.8 ,432.00 mm,N3GQ21K123E,1,229,229,$990.91,$226.92,$0.00,$0.00
Supplier,Ogden Newspapers,Webster City,3/26/24,,,OVOL USA,64100932024033,Hi-Brite,KruBrite 80 Offset,51.8 ,432.00 mm,N3GQ21K123C,1,229,229,$990.91,$226.92,$0.00,$0.00
Supplier,Ogden Newspapers,Webster City,3/26/24,,,OVOL USA,64100932024033,Hi-Brite,KruBrite 80 Offset,51.8 ,432.00 mm,N3GQ21K123B,1,229,229,$990.91,$226.92,$0.00,$0.00
Supplier,Ogden Newspapers,Webster City,3/26/24,,,OVOL USA,64100932024033,Hi-Brite,KruBrite 80 Offset,51.8 ,432.00 mm,N3GQ21K122F,1,228,228,$990.91,$225.93,$0.00,$0.00
Supplier,Ogden Newspapers,Webster City,3/26/24,,,OVOL USA,64100932024033,Hi-Brite,KruBrite 80 Offset,51.8 ,432.00 mm,N3GQ21K122E,1,227,227,$990.91,$224.94,$0.00,$0.00
Supplier,Ogden Newspapers,Webster City,3/26/24,,,OVOL USA,64100932024033,Hi-Brite,KruBrite 80 Offset,51.8 ,432.00 mm,N3GQ21K122C,1,228,228,$990.91,$225.93,$0.00,$0.00
Supplier,Ogden Newspapers,Webster City,3/26/24,,,OVOL USA,64100932024033,Hi-Brite,KruBrite 80 Offset,51.8 ,432.00 mm,N3GQ21K122B,1,227,227,$990.91,$224.94,$0.00,$0.00
Supplier,Ogden Newspapers,Webster City,3/26/24,,,OVOL USA,64100932024033,Hi-Brite,KruBrite 80 Offset,51.8 ,432.00 mm,N3GQ21K121F,1,226,226,$990.91,$223.95,$0.00,$0.00
Supplier,Ogden Newspapers,Webster City,3/26/24,,,OVOL USA,64100932024033,Hi-Brite,KruBrite 80 Offset,51.8 ,432.00 mm,N3GQ21K121E,1,226,226,$990.91,$223.95,$0.00,$0.00
Supplier,Ogden Newspapers,Webster City,3/26/24,,,OVOL USA,64100932024033,Hi-Brite,KruBrite 80 Offset,51.8 ,432.00 mm,N3GQ21K121C,1,226,226,$990.91,$223.95,$0.00,$0.00
Supplier,Ogden Newspapers,Webster City,3/26/24,,,OVOL USA,64100932024033,Hi-Brite,KruBrite 80 Offset,51.8 ,432.00 mm,N3GQ21K121B,1,225,225,$990.91,$222.95,$0.00,$0.00
Supplier,Ogden Newspapers,Webster City,5/28/24,,,OVOL USA,64100932024054,Hi-Brite,KruBrite 80 Offset,51.8 ,432.00 mm,N3GR30K123D,1,236,236,$990.91,$233.85,$0.00,$0.00
Supplier,Ogden Newspapers,Webster City,5/28/24,,,OVOL USA,64100932024054,Hi-Brite,KruBrite 80 Offset,51.8 ,432.00 mm,N3GR30K123C,1,235,235,$990.91,$232.86,$0.00,$0.00
Supplier,Ogden Newspapers,Webster City,5/28/24,,,OVOL USA,64100932024054,Hi-Brite,KruBrite 80 Offset,51.8 ,432.00 mm,N3GR30K122D,1,236,236,$990.91,$233.85,$0.00,$0.00
Supplier,Ogden Newspapers,Webster City,5/28/24,,,OVOL USA,64100932024054,Hi-Brite,KruBrite 80 Offset,51.8 ,432.00 mm,N3GR30K122C,1,235,235,$990.91,$232.86,$0.00,$0.00
Supplier,Ogden Newspapers,Webster City,5/28/24,,,OVOL USA,64100932024054,Hi-Brite,KruBrite 80 Offset,51.8 ,432.00 mm,N3GR30K121D,1,235,235,$990.91,$232.86,$0.00,$0.00
Supplier,Ogden Newspapers,Webster City,5/28/24,,,OVOL USA,64100932024054,Hi-Brite,KruBrite 80 Offset,51.8 ,432.00 mm,N3GR30K121C,1,234,234,$990.91,$231.87,$0.00,$0.00
Supplier,Ogden Newspapers,Webster City,5/28/24,,,OVOL USA,64100932024054,Hi-Brite,KruBrite 80 Offset,51.8 ,432.00 mm,N3GR30K116D,1,217,217,$990.91,$215.03,$0.00,$0.00
Supplier,Ogden Newspapers,Webster City,5/28/24,,,OVOL USA,64100932024054,Hi-Brite,KruBrite 80 Offset,51.8 ,432.00 mm,N3GR30K116C,1,216,216,$990.91,$214.04,$0.00,$0.00
Supplier,Ogden Newspapers,Webster City,5/28/24,,,OVOL USA,64100932024054,Hi-Brite,KruBrite 80 Offset,51.8 ,432.00 mm,N3GR30K114E,1,235,235,$990.91,$232.86,$0.00,$0.00
Supplier,Ogden Newspapers,Webster City,5/28/24,,,OVOL USA,64100932024054,Hi-Brite,KruBrite 80 Offset,51.8 ,432.00 mm,N3GR30K114D,1,234,234,$990.91,$231.87,$0.00,$0.00
Supplier,Ogden Newspapers,Webster City,5/28/24,,,OVOL USA,64100932024054,Hi-Brite,KruBrite 80 Offset,51.8 ,432.00 mm,N3GR30K113E,1,234,234,$990.91,$231.87,$0.00,$0.00
Supplier,Ogden Newspapers,Webster City,5/28/24,,,OVOL USA,64100932024054,Hi-Brite,KruBrite 80 Offset,51.8 ,432.00 mm,N3GR30K113D,1,234,234,$990.91,$231.87,$0.00,$0.00
Supplier,Ogden Newspapers,Webster City,5/28/24,,,OVOL USA,64100932024054,Hi-Brite,KruBrite 80 Offset,51.8 ,432.00 mm,N3GR30K113C,1,236,236,$990.91,$233.85,$0.00,$0.00
Supplier,Ogden Newspapers,Webster City,5/28/24,,,OVOL USA,64100932024054,Hi-Brite,KruBrite 80 Offset,51.8 ,432.00 mm,N3GR30K112E,1,233,233,$990.91,$230.88,$0.00,$0.00
Supplier,Ogden Newspapers,Webster City,5/28/24,,,OVOL USA,64100932024054,Hi-Brite,KruBrite 80 Offset,51.8 ,432.00 mm,N3GR30K112D,1,233,233,$990.91,$230.88,$0.00,$0.00
Supplier,Ogden Newspapers,Webster City,5/28/24,,,OVOL USA,64100932024054,Hi-Brite,KruBrite 80 Offset,51.8 ,432.00 mm,N3GR30K112C,1,236,236,$990.91,$233.85,$0.00,$0.00
Supplier,Ogden Newspapers,Webster City,5/28/24,,,OVOL USA,64100932024054,Hi-Brite,KruBrite 80 Offset,51.8 ,432.00 mm,N3GR30K111E,1,232,232,$990.91,$229.89,$0.00,$0.00
Supplier,Ogden Newspapers,Webster City,5/28/24,,,OVOL USA,64100932024054,Hi-Brite,KruBrite 80 Offset,51.8 ,432.00 mm,N3GR30K111D,1,232,232,$990.91,$229.89,$0.00,$0.00
Supplier,Ogden Newspapers,Webster City,5/28/24,,,OVOL USA,64100932024054,Hi-Brite,KruBrite 80 Offset,51.8 ,432.00 mm,N3GR30K111C,1,235,235,$990.91,$232.86,$0.00,$0.00
Supplier,Ogden Newspapers,Webster City,5/28/24,,,OVOL USA,64100932024054,Hi-Brite,KruBrite 80 Offset,51.8 ,432.00 mm,N3GR30K106E,1,225,225,$990.91,$222.95,$0.00,$0.00
Supplier,Ogden Newspapers,Webster City,5/28/24,,,OVOL USA,64100932024054,Hi-Brite,KruBrite 80 Offset,51.8 ,432.00 mm,N3GR30K106D,1,225,225,$990.91,$222.95,$0.00,$0.00
Supplier,Ogden Newspapers,Webster City,5/28/24,,,OVOL USA,64100932024054,Hi-Brite,KruBrite 80 Offset,51.8 ,432.00 mm,N3GR30K106C,1,234,234,$990.91,$231.87,$0.00,$0.00
Supplier,Ogden Newspapers,Webster City,5/28/24,,,OVOL USA,64100932024054,Hi-Brite,KruBrite 80 Offset,51.8 ,432.00 mm,N3GR30K105E,1,239,239,$990.91,$236.83,$0.00,$0.00
Supplier,Ogden Newspapers,Webster City,5/28/24,,,OVOL USA,64100932024054,Hi-Brite,KruBrite 80 Offset,51.8 ,432.00 mm,N3GR30K105D,1,239,239,$990.91,$236.83,$0.00,$0.00
Supplier,Ogden Newspapers,Webster City,5/28/24,,,OVOL USA,64100932024054,Hi-Brite,KruBrite 80 Offset,51.8 ,432.00 mm,N3GR30K105C,1,240,240,$990.91,$237.82,$0.00,$0.00
Supplier,Ogden Newspapers,Webster City,5/28/24,,,OVOL USA,64100932024054,Hi-Brite,KruBrite 80 Offset,51.8 ,432.00 mm,N3GR30K104E,1,237,237,$990.91,$234.85,$0.00,$0.00
Supplier,Ogden Newspapers,Webster City,5/28/24,,,OVOL USA,64100932024054,Hi-Brite,KruBrite 80 Offset,51.8 ,432.00 mm,N3GR30K104D,1,236,236,$990.91,$233.85,$0.00,$0.00
Supplier,Ogden Newspapers,Webster City,5/28/24,,,OVOL USA,64100932024054,Hi-Brite,KruBrite 80 Offset,51.8 ,432.00 mm,N3GR30K104C,1,239,239,$990.91,$236.83,$0.00,$0.00
Supplier,Ogden Newspapers,Webster City,5/28/24,,,OVOL USA,64100932024054,Hi-Brite,KruBrite 80 Offset,51.8 ,432.00 mm,N3GR30K103E,1,236,236,$990.91,$233.85,$0.00,$0.00
Supplier,Ogden Newspapers,Webster City,5/28/24,,,OVOL USA,64100932024054,Hi-Brite,KruBrite 80 Offset,51.8 ,432.00 mm,N3GR30K103D,1,235,235,$990.91,$232.86,$0.00,$0.00
Supplier,Ogden Newspapers,Webster City,5/28/24,,,OVOL USA,64100932024054,Hi-Brite,KruBrite 80 Offset,51.8 ,432.00 mm,N3GR30K103C,1,237,237,$990.91,$234.85,$0.00,$0.00
Supplier,Ogden Newspapers,Webster City,5/28/24,,,OVOL USA,64100932024054,Hi-Brite,KruBrite 80 Offset,51.8 ,432.00 mm,N3GR30K102C,1,236,236,$990.91,$233.85,$0.00,$0.00
Supplier,Ogden Newspapers,Webster City,5/28/24,,,OVOL USA,64100932024054,Hi-Brite,KruBrite 80 Offset,51.8 ,432.00 mm,N3GR29K066C,1,232,232,$990.91,$229.89,$0.00,$0.00
Supplier,Ogden Newspapers,Webster City,5/28/24,,,OVOL USA,64100932024054,Hi-Brite,KruBrite 80 Offset,51.8 ,432.00 mm,N3GR29K065C,1,232,232,$990.91,$229.89,$0.00,$0.00
Supplier,Ogden Newspapers,Webster City,5/28/24,,,OVOL USA,64100932024054,Hi-Brite,KruBrite 80 Offset,51.8 ,432.00 mm,N3GR29K062C,1,236,236,$990.91,$233.85,$0.00,$0.00
Supplier,Ogden Newspapers,Webster City,5/28/24,,,OVOL USA,64100932024054,Hi-Brite,KruBrite 80 Offset,51.8 ,432.00 mm,N3GR29K061C,1,235,235,$990.91,$232.86,$0.00,$0.00
Supplier,Ogden Newspapers,Webster City,5/28/24,,,OVOL USA,64100932024054,Hi-Brite,KruBrite 80 Offset,51.8 ,432.00 mm,N3GR29K056C,1,228,228,$990.91,$225.93,$0.00,$0.00
Supplier,Ogden Newspapers,Webster City,5/28/24,,,OVOL USA,64100932024054,Hi-Brite,KruBrite 80 Offset,51.8 ,432.00 mm,N3GR29K055C,1,228,228,$990.91,$225.93,$0.00,$0.00
Supplier,Ogden Newspapers,Webster City,5/28/24,,,OVOL USA,64100932024054,Hi-Brite,KruBrite 80 Offset,51.8 ,432.00 mm,N3GR29K054C,1,230,230,$990.91,$227.91,$0.00,$0.00
Supplier,Ogden Newspapers,Webster City,5/28/24,,,OVOL USA,64100932024054,Hi-Brite,KruBrite 80 Offset,51.8 ,432.00 mm,N3GR29K053C,1,229,229,$990.91,$226.92,$0.00,$0.00
Supplier,Ogden Newspapers,Webster City,5/28/24,,,OVOL USA,64100932024054,Hi-Brite,KruBrite 80 Offset,51.8 ,432.00 mm,N3GR29K052C,1,233,233,$990.91,$230.88,$0.00,$0.00
Supplier,Ogden Newspapers,Webster City,5/28/24,,,OVOL USA,64100932024054,Hi-Brite,KruBrite 80 Offset,51.8 ,432.00 mm,N3GR29K051C,1,232,232,$990.91,$229.89,$0.00,$0.00
Supplier,Ogden Newspapers,Webster City,6/11/25,,,OVOL USA,64100932025061,Newsprint,Kruger Newsprint,45 ,432.00 mm,N30F09K062H,1,206,206,$615.00,$126.69,$0.00,$0.00
Supplier,Ogden Newspapers,Webster City,6/11/25,,,OVOL USA,64100932025061,Newsprint,Kruger Newsprint,45 ,432.00 mm,N30F09K062G,1,205,205,$615.00,$126.08,$0.00,$0.00
Supplier,Ogden Newspapers,Webster City,1/21/26,,,OVOL USA,6410093202615,Newsprint,Kruger Newsprint,45 ,432.00 mm,N30N19K042B,1,205,205,$640.10,$131.22,$0.00,$0.00
Supplier,Ogden Newspapers,Webster City,1/21/26,,,OVOL USA,6410093202615,Newsprint,Kruger Newsprint,45 ,432.00 mm,N30N19K041B,1,205,205,$640.10,$131.22,$0.00,$0.00
Supplier,Ogden Newspapers,Webster City,1/21/26,,,OVOL USA,6410093202615,Newsprint,Kruger Newsprint,45 ,432.00 mm,N30N19K036B,1,208,208,$640.10,$133.14,$0.00,$0.00
Supplier,Ogden Newspapers,Webster City,1/21/26,,,OVOL USA,6410093202615,Newsprint,Kruger Newsprint,45 ,432.00 mm,N30N19K0363,1,208,208,$640.10,$133.14,$0.00,$0.00
Supplier,Ogden Newspapers,Webster City,1/21/26,,,OVOL USA,6410093202615,Newsprint,Kruger Newsprint,45 ,432.00 mm,N30N19K034B,1,207,207,$640.10,$132.50,$0.00,$0.00
Supplier,Ogden Newspapers,Webster City,1/21/26,,,OVOL USA,6410093202615,Newsprint,Kruger Newsprint,45 ,432.00 mm,N30N19K0343,1,206,206,$640.10,$131.86,$0.00,$0.00
Supplier,Ogden Newspapers,Webster City,1/21/26,,,OVOL USA,6410093202615,Newsprint,Kruger Newsprint,45 ,432.00 mm,N30N19K033B,1,207,207,$640.10,$132.50,$0.00,$0.00
Supplier,Ogden Newspapers,Webster City,1/21/26,,,OVOL USA,6410093202615,Newsprint,Kruger Newsprint,45 ,432.00 mm,N30N19K0333,1,206,206,$640.10,$131.86,$0.00,$0.00
Supplier,Ogden Newspapers,Webster City,1/21/26,,,OVOL USA,6410093202615,Newsprint,Kruger Newsprint,45 ,432.00 mm,N30N19K023B,1,205,205,$640.10,$131.22,$0.00,$0.00
Supplier,Ogden Newspapers,Webster City,1/21/26,,,OVOL USA,6410093202615,Newsprint,Kruger Newsprint,45 ,432.00 mm,N30N19K0233,1,204,204,$640.10,$130.58,$0.00,$0.00
Supplier,Ogden Newspapers,Webster City,1/21/26,,,OVOL USA,6410093202615,Newsprint,Kruger Newsprint,45 ,432.00 mm,N30N19K022B,1,205,205,$640.10,$131.22,$0.00,$0.00
Supplier,Ogden Newspapers,Webster City,1/21/26,,,OVOL USA,6410093202615,Newsprint,Kruger Newsprint,45 ,432.00 mm,N30N19K0223,1,204,204,$640.10,$130.58,$0.00,$0.00
Supplier,Ogden Newspapers,Webster City,1/21/26,,,OVOL USA,6410093202615,Newsprint,Kruger Newsprint,45 ,432.00 mm,N30N19K021B,1,205,205,$640.10,$131.22,$0.00,$0.00
Supplier,Ogden Newspapers,Webster City,1/21/26,,,OVOL USA,6410093202615,Newsprint,Kruger Newsprint,45 ,432.00 mm,N30N19K0213,1,204,204,$640.10,$130.58,$0.00,$0.00
Supplier,Ogden Newspapers,Webster City,1/21/26,,,OVOL USA,6410093202615,Newsprint,Kruger Newsprint,45 ,432.00 mm,N30N19K016B,1,209,209,$640.10,$133.78,$0.00,$0.00
Supplier,Ogden Newspapers,Webster City,1/21/26,,,OVOL USA,6410093202615,Newsprint,Kruger Newsprint,45 ,432.00 mm,N30N19K0163,1,208,208,$640.10,$133.14,$0.00,$0.00
Supplier,Ogden Newspapers,Webster City,1/21/26,,,OVOL USA,6410093202615,Newsprint,Kruger Newsprint,45 ,432.00 mm,N30N19K013B,1,206,206,$640.10,$131.86,$0.00,$0.00
Supplier,Ogden Newspapers,Webster City,1/21/26,,,OVOL USA,6410093202615,Newsprint,Kruger Newsprint,45 ,432.00 mm,N30N19K0133,1,205,205,$640.10,$131.22,$0.00,$0.00
Supplier,Ogden Newspapers,Webster City,1/21/26,,,OVOL USA,6410093202615,Newsprint,Kruger Newsprint,45 ,432.00 mm,N30N19K012B,1,205,205,$640.10,$131.22,$0.00,$0.00
Supplier,Ogden Newspapers,Webster City,1/21/26,,,OVOL USA,6410093202615,Newsprint,Kruger Newsprint,45 ,432.00 mm,N30N19K0123,1,205,205,$640.10,$131.22,$0.00,$0.00
Supplier,Ogden Newspapers,Webster City,1/21/26,,,OVOL USA,6410093202615,Newsprint,Kruger Newsprint,45 ,432.00 mm,N30N19K011B,1,205,205,$640.10,$131.22,$0.00,$0.00
Supplier,Ogden Newspapers,Webster City,1/21/26,,,OVOL USA,6410093202615,Newsprint,Kruger Newsprint,45 ,432.00 mm,N30N19K0113,1,205,205,$640.10,$131.22,$0.00,$0.00
Supplier,Ogden Newspapers,Webster City,1/21/26,,,OVOL USA,6410093202615,Newsprint,Kruger Newsprint,45 ,432.00 mm,N30N18K246B,1,209,209,$640.10,$133.78,$0.00,$0.00
Supplier,Ogden Newspapers,Webster City,1/21/26,,,OVOL USA,6410093202615,Newsprint,Kruger Newsprint,45 ,432.00 mm,N30N18K2463,1,208,208,$640.10,$133.14,$0.00,$0.00
Supplier,Ogden Newspapers,Webster City,1/21/26,,,OVOL USA,6410093202615,Newsprint,Kruger Newsprint,45 ,432.00 mm,N30N18K244B,1,207,207,$640.10,$132.50,$0.00,$0.00
Supplier,Ogden Newspapers,Webster City,1/21/26,,,OVOL USA,6410093202615,Newsprint,Kruger Newsprint,45 ,432.00 mm,N30N18K2443,1,206,206,$640.10,$131.86,$0.00,$0.00
Supplier,Ogden Newspapers,Webster City,3/3/26,,,OVOL USA,6410093202624,Newsprint,Kruger Newsprint,45 ,432.00 mm,N30Q01K214E,1,207,207,$667.87,$138.25,$0.00,$0.00
Supplier,Ogden Newspapers,Webster City,3/3/26,,,OVOL USA,6410093202624,Newsprint,Kruger Newsprint,45 ,432.00 mm,N30Q01K214D,1,207,207,$667.87,$138.25,$0.00,$0.00
Supplier,Ogden Newspapers,Webster City,3/3/26,,,OVOL USA,6410093202624,Newsprint,Kruger Newsprint,45 ,432.00 mm,N30Q01K214C,1,207,207,$667.87,$138.25,$0.00,$0.00
Supplier,Ogden Newspapers,Webster City,3/3/26,,,OVOL USA,6410093202624,Newsprint,Kruger Newsprint,45 ,432.00 mm,N30Q01K214B,1,207,207,$667.87,$138.25,$0.00,$0.00
Supplier,Ogden Newspapers,Webster City,3/3/26,,,OVOL USA,6410093202624,Newsprint,Kruger Newsprint,45 ,432.00 mm,N30Q01K2143,1,207,207,$667.87,$138.25,$0.00,$0.00
Supplier,Ogden Newspapers,Webster City,3/3/26,,,OVOL USA,6410093202624,Newsprint,Kruger Newsprint,45 ,432.00 mm,N30Q01K213E,1,207,207,$667.87,$138.25,$0.00,$0.00
Supplier,Ogden Newspapers,Webster City,3/3/26,,,OVOL USA,6410093202624,Newsprint,Kruger Newsprint,45 ,432.00 mm,N30Q01K213D,1,207,207,$667.87,$138.25,$0.00,$0.00
Supplier,Ogden Newspapers,Webster City,3/3/26,,,OVOL USA,6410093202624,Newsprint,Kruger Newsprint,45 ,432.00 mm,N30Q01K213C,1,207,207,$667.87,$138.25,$0.00,$0.00
Supplier,Ogden Newspapers,Webster City,3/3/26,,,OVOL USA,6410093202624,Newsprint,Kruger Newsprint,45 ,432.00 mm,N30Q01K213B,1,206,206,$667.87,$137.58,$0.00,$0.00
Supplier,Ogden Newspapers,Webster City,3/3/26,,,OVOL USA,6410093202624,Newsprint,Kruger Newsprint,45 ,432.00 mm,N30Q01K2133,1,206,206,$667.87,$137.58,$0.00,$0.00
Supplier,Ogden Newspapers,Webster City,3/3/26,,,OVOL USA,6410093202624,Newsprint,Kruger Newsprint,45 ,432.00 mm,N30Q01K212E,1,206,206,$667.87,$137.58,$0.00,$0.00
Supplier,Ogden Newspapers,Webster City,3/3/26,,,OVOL USA,6410093202624,Newsprint,Kruger Newsprint,45 ,432.00 mm,N30Q01K212D,1,206,206,$667.87,$137.58,$0.00,$0.00
Supplier,Ogden Newspapers,Webster City,3/3/26,,,OVOL USA,6410093202624,Newsprint,Kruger Newsprint,45 ,432.00 mm,N30Q01K212C,1,206,206,$667.87,$137.58,$0.00,$0.00
Supplier,Ogden Newspapers,Webster City,3/3/26,,,OVOL USA,6410093202624,Newsprint,Kruger Newsprint,45 ,432.00 mm,N30Q01K212B,1,205,205,$667.87,$136.91,$0.00,$0.00
Supplier,Ogden Newspapers,Webster City,3/3/26,,,OVOL USA,6410093202624,Newsprint,Kruger Newsprint,45 ,432.00 mm,N30Q01K2123,1,206,206,$667.87,$137.58,$0.00,$0.00
Supplier,Ogden Newspapers,Webster City,3/3/26,,,OVOL USA,6410093202624,Newsprint,Kruger Newsprint,45 ,432.00 mm,N30Q01K211E,1,206,206,$667.87,$137.58,$0.00,$0.00
Supplier,Ogden Newspapers,Webster City,3/3/26,,,OVOL USA,6410093202624,Newsprint,Kruger Newsprint,45 ,432.00 mm,N30Q01K211D,1,206,206,$667.87,$137.58,$0.00,$0.00
Supplier,Ogden Newspapers,Webster City,3/3/26,,,OVOL USA,6410093202624,Newsprint,Kruger Newsprint,45 ,432.00 mm,N30Q01K211C,1,206,206,$667.87,$137.58,$0.00,$0.00
Supplier,Ogden Newspapers,Webster City,3/3/26,,,OVOL USA,6410093202624,Newsprint,Kruger Newsprint,45 ,432.00 mm,N30Q01K211B,1,206,206,$667.87,$137.58,$0.00,$0.00
Supplier,Ogden Newspapers,Webster City,3/3/26,,,OVOL USA,6410093202624,Newsprint,Kruger Newsprint,45 ,432.00 mm,N30Q01K2113,1,206,206,$667.87,$137.58,$0.00,$0.00
Supplier,Ogden Newspapers,Webster City,3/3/26,,,OVOL USA,6410093202624,Newsprint,Kruger Newsprint,45 ,432.00 mm,N30Q01K206E,1,209,209,$667.87,$139.58,$0.00,$0.00
Supplier,Ogden Newspapers,Webster City,3/3/26,,,OVOL USA,6410093202624,Newsprint,Kruger Newsprint,45 ,432.00 mm,N30Q01K206D,1,209,209,$667.87,$139.58,$0.00,$0.00
Supplier,Ogden Newspapers,Webster City,3/3/26,,,OVOL USA,6410093202624,Newsprint,Kruger Newsprint,45 ,432.00 mm,N30Q01K206C,1,208,208,$667.87,$138.92,$0.00,$0.00
Supplier,Ogden Newspapers,Webster City,3/3/26,,,OVOL USA,6410093202624,Newsprint,Kruger Newsprint,45 ,432.00 mm,N30Q01K206B,1,208,208,$667.87,$138.92,$0.00,$0.00
Supplier,Ogden Newspapers,Webster City,3/3/26,,,OVOL USA,6410093202624,Newsprint,Kruger Newsprint,45 ,432.00 mm,N30Q01K2063,1,208,208,$667.87,$138.92,$0.00,$0.00
Supplier,Ogden Newspapers,Webster City,3/3/26,,,OVOL USA,6410093202624,Newsprint,Kruger Newsprint,45 ,432.00 mm,N30Q01K205E,1,208,208,$667.87,$138.92,$0.00,$0.00
Supplier,Ogden Newspapers,Webster City,3/3/26,,,OVOL USA,6410093202624,Newsprint,Kruger Newsprint,45 ,432.00 mm,N30Q01K205D,1,208,208,$667.87,$138.92,$0.00,$0.00
Supplier,Ogden Newspapers,Webster City,3/3/26,,,OVOL USA,6410093202624,Newsprint,Kruger Newsprint,45 ,432.00 mm,N30Q01K205C,1,207,207,$667.87,$138.25,$0.00,$0.00
Supplier,Ogden Newspapers,Webster City,3/3/26,,,OVOL USA,6410093202624,Newsprint,Kruger Newsprint,45 ,432.00 mm,N30Q01K205B,1,207,207,$667.87,$138.25,$0.00,$0.00
Supplier,Ogden Newspapers,Webster City,3/3/26,,,OVOL USA,6410093202624,Newsprint,Kruger Newsprint,45 ,432.00 mm,N30Q01K2053,1,208,208,$667.87,$138.92,$0.00,$0.00
Supplier,Ogden Newspapers,Webster City,3/3/26,,,OVOL USA,6410093202624,Newsprint,Kruger Newsprint,45 ,432.00 mm,N30Q01K204E,1,208,208,$667.87,$138.92,$0.00,$0.00
Supplier,Ogden Newspapers,Webster City,3/3/26,,,OVOL USA,6410093202624,Newsprint,Kruger Newsprint,45 ,432.00 mm,N30Q01K204D,1,207,207,$667.87,$138.25,$0.00,$0.00
Supplier,Ogden Newspapers,Webster City,3/3/26,,,OVOL USA,6410093202624,Newsprint,Kruger Newsprint,45 ,432.00 mm,N30Q01K204C,1,207,207,$667.87,$138.25,$0.00,$0.00
Supplier,Ogden Newspapers,Webster City,3/3/26,,,OVOL USA,6410093202624,Newsprint,Kruger Newsprint,45 ,432.00 mm,N30Q01K204B,1,207,207,$667.87,$138.25,$0.00,$0.00
Supplier,Ogden Newspapers,Webster City,3/3/26,,,OVOL USA,6410093202624,Newsprint,Kruger Newsprint,45 ,432.00 mm,N30Q01K2043,1,207,207,$667.87,$138.25,$0.00,$0.00
Supplier,Ogden Newspapers,Webster City,3/3/26,,,OVOL USA,6410093202624,Newsprint,Kruger Newsprint,45 ,432.00 mm,N30Q01K203E,1,208,208,$667.87,$138.92,$0.00,$0.00
Supplier,Ogden Newspapers,Webster City,3/3/26,,,OVOL USA,6410093202624,Newsprint,Kruger Newsprint,45 ,432.00 mm,N30Q01K203D,1,207,207,$667.87,$138.25,$0.00,$0.00
Supplier,Ogden Newspapers,Webster City,3/3/26,,,OVOL USA,6410093202624,Newsprint,Kruger Newsprint,45 ,432.00 mm,N30Q01K203C,1,207,207,$667.87,$138.25,$0.00,$0.00
Supplier,Ogden Newspapers,Webster City,3/3/26,,,OVOL USA,6410093202624,Newsprint,Kruger Newsprint,45 ,432.00 mm,N30Q01K203B,1,207,207,$667.87,$138.25,$0.00,$0.00
Supplier,Ogden Newspapers,Webster City,3/3/26,,,OVOL USA,6410093202624,Newsprint,Kruger Newsprint,45 ,432.00 mm,N30Q01K2033,1,207,207,$667.87,$138.25,$0.00,$0.00
Supplier,Ogden Newspapers,Webster City,3/3/26,,,OVOL USA,6410093202624,Newsprint,Kruger Newsprint,45 ,432.00 mm,N30Q01K202E,1,207,207,$667.87,$138.25,$0.00,$0.00
Supplier,Ogden Newspapers,Webster City,3/3/26,,,OVOL USA,6410093202624,Newsprint,Kruger Newsprint,45 ,432.00 mm,N30Q01K202D,1,207,207,$667.87,$138.25,$0.00,$0.00
Supplier,Ogden Newspapers,Webster City,3/3/26,,,OVOL USA,6410093202624,Newsprint,Kruger Newsprint,45 ,432.00 mm,N30Q01K202C,1,208,208,$667.87,$138.92,$0.00,$0.00
Supplier,Ogden Newspapers,Webster City,3/3/26,,,OVOL USA,6410093202624,Newsprint,Kruger Newsprint,45 ,432.00 mm,N30Q01K202B,1,207,207,$667.87,$138.25,$0.00,$0.00
Supplier,Ogden Newspapers,Webster City,3/3/26,,,OVOL USA,6410093202624,Newsprint,Kruger Newsprint,45 ,432.00 mm,N30Q01K2023,1,206,206,$667.87,$137.58,$0.00,$0.00
Supplier,Ogden Newspapers,Webster City,3/3/26,,,OVOL USA,6410093202624,Newsprint,Kruger Newsprint,45 ,432.00 mm,N30Q01K201E,1,206,206,$667.87,$137.58,$0.00,$0.00
Supplier,Ogden Newspapers,Webster City,3/3/26,,,OVOL USA,6410093202624,Newsprint,Kruger Newsprint,45 ,432.00 mm,N30Q01K201D,1,205,205,$667.87,$136.91,$0.00,$0.00
Supplier,Ogden Newspapers,Webster City,3/3/26,,,OVOL USA,6410093202624,Newsprint,Kruger Newsprint,45 ,432.00 mm,N30Q01K201C,1,206,206,$667.87,$137.58,$0.00,$0.00
Supplier,Ogden Newspapers,Webster City,3/3/26,,,OVOL USA,6410093202624,Newsprint,Kruger Newsprint,45 ,432.00 mm,N30Q01K201B,1,206,206,$667.87,$137.58,$0.00,$0.00
Supplier,Ogden Newspapers,Webster City,3/3/26,,,OVOL USA,6410093202624,Newsprint,Kruger Newsprint,45 ,432.00 mm,N30Q01K2013,1,206,206,$667.87,$137.58,$0.00,$0.00
Supplier,Ogden Newspapers,Webster City,3/3/26,,,OVOL USA,6410093202624,Newsprint,Kruger Newsprint,45 ,432.00 mm,N30Q01K196E,1,206,206,$667.87,$137.58,$0.00,$0.00
Supplier,Ogden Newspapers,Webster City,3/3/26,,,OVOL USA,6410093202624,Newsprint,Kruger Newsprint,45 ,432.00 mm,N30Q01K196D,1,206,206,$667.87,$137.58,$0.00,$0.00
Supplier,Ogden Newspapers,Webster City,3/3/26,,,OVOL USA,6410093202624,Newsprint,Kruger Newsprint,45 ,432.00 mm,N30Q01K196C,1,207,207,$667.87,$138.25,$0.00,$0.00
Supplier,Ogden Newspapers,Webster City,3/3/26,,,OVOL USA,6410093202624,Newsprint,Kruger Newsprint,45 ,432.00 mm,N30Q01K196B,1,207,207,$667.87,$138.25,$0.00,$0.00
Supplier,Ogden Newspapers,Webster City,3/3/26,,,OVOL USA,6410093202624,Newsprint,Kruger Newsprint,45 ,432.00 mm,N30Q01K1963,1,206,206,$667.87,$137.58,$0.00,$0.00
Supplier,Ogden Newspapers,Webster City,3/3/26,,,OVOL USA,6410093202624,Newsprint,Kruger Newsprint,45 ,432.00 mm,N30Q01K195E,1,206,206,$667.87,$137.58,$0.00,$0.00
Supplier,Ogden Newspapers,Webster City,3/3/26,,,OVOL USA,6410093202624,Newsprint,Kruger Newsprint,45 ,432.00 mm,N30Q01K195D,1,206,206,$667.87,$137.58,$0.00,$0.00
Supplier,Ogden Newspapers,Webster City,3/3/26,,,OVOL USA,6410093202624,Newsprint,Kruger Newsprint,45 ,432.00 mm,N30Q01K195C,1,206,206,$667.87,$137.58,$0.00,$0.00
Supplier,Ogden Newspapers,Webster City,3/3/26,,,OVOL USA,6410093202624,Newsprint,Kruger Newsprint,45 ,432.00 mm,N30Q01K195B,1,205,205,$667.87,$136.91,$0.00,$0.00
Supplier,Ogden Newspapers,Webster City,3/3/26,,,OVOL USA,6410093202624,Newsprint,Kruger Newsprint,45 ,432.00 mm,N30Q01K1953,1,205,205,$667.87,$136.91,$0.00,$0.00
Supplier,Ogden Newspapers,Webster City,3/3/26,,,OVOL USA,6410093202624,Newsprint,Kruger Newsprint,45 ,432.00 mm,N30Q01K194E,1,206,206,$667.87,$137.58,$0.00,$0.00
Supplier,Ogden Newspapers,Webster City,3/3/26,,,OVOL USA,6410093202624,Newsprint,Kruger Newsprint,45 ,432.00 mm,N30Q01K194D,1,205,205,$667.87,$136.91,$0.00,$0.00
Supplier,Ogden Newspapers,Webster City,3/3/26,,,OVOL USA,6410093202624,Newsprint,Kruger Newsprint,45 ,432.00 mm,N30Q01K194C,1,205,205,$667.87,$136.91,$0.00,$0.00
Supplier,Ogden Newspapers,Webster City,3/3/26,,,OVOL USA,6410093202624,Newsprint,Kruger Newsprint,45 ,432.00 mm,N30Q01K194B,1,205,205,$667.87,$136.91,$0.00,$0.00
Supplier,Ogden Newspapers,Webster City,3/3/26,,,OVOL USA,6410093202624,Newsprint,Kruger Newsprint,45 ,432.00 mm,N30Q01K1943,1,205,205,$667.87,$136.91,$0.00,$0.00
Supplier,Ogden Newspapers,Webster City,3/3/26,,,OVOL USA,6410093202624,Newsprint,Kruger Newsprint,45 ,432.00 mm,N30Q01K193E,1,206,206,$667.87,$137.58,$0.00,$0.00
Supplier,Ogden Newspapers,Webster City,3/3/26,,,OVOL USA,6410093202624,Newsprint,Kruger Newsprint,45 ,432.00 mm,N30Q01K193D,1,205,205,$667.87,$136.91,$0.00,$0.00
Supplier,Ogden Newspapers,Webster City,3/3/26,,,OVOL USA,6410093202624,Newsprint,Kruger Newsprint,45 ,432.00 mm,N30Q01K193C,1,205,205,$667.87,$136.91,$0.00,$0.00
Supplier,Ogden Newspapers,Webster City,3/3/26,,,OVOL USA,6410093202624,Newsprint,Kruger Newsprint,45 ,432.00 mm,N30Q01K193B,1,205,205,$667.87,$136.91,$0.00,$0.00
Supplier,Ogden Newspapers,Webster City,3/3/26,,,OVOL USA,6410093202624,Newsprint,Kruger Newsprint,45 ,432.00 mm,N30Q01K1933,1,205,205,$667.87,$136.91,$0.00,$0.00
Supplier,Ogden Newspapers,Webster City,3/3/26,,,OVOL USA,6410093202624,Newsprint,Kruger Newsprint,45 ,432.00 mm,N30Q01K192E,1,205,205,$667.87,$136.91,$0.00,$0.00
Supplier,Ogden Newspapers,Webster City,3/3/26,,,OVOL USA,6410093202624,Newsprint,Kruger Newsprint,45 ,432.00 mm,N30Q01K192D,1,205,205,$667.87,$136.91,$0.00,$0.00
Supplier,Ogden Newspapers,Webster City,3/3/26,,,OVOL USA,6410093202624,Newsprint,Kruger Newsprint,45 ,432.00 mm,N30Q01K1923,1,205,205,$667.87,$136.91,$0.00,$0.00
Supplier,Ogden Newspapers,Webster City,3/3/26,,,OVOL USA,6410093202624,Newsprint,Kruger Newsprint,45 ,432.00 mm,N30Q01K191E,1,205,205,$667.87,$136.91,$0.00,$0.00
Supplier,Ogden Newspapers,Webster City,3/3/26,,,OVOL USA,6410093202624,Newsprint,Kruger Newsprint,45 ,432.00 mm,N30Q01K191D,1,205,205,$667.87,$136.91,$0.00,$0.00
Supplier,Ogden Newspapers,Webster City,3/3/26,,,OVOL USA,6410093202624,Newsprint,Kruger Newsprint,45 ,432.00 mm,N30Q01K191C,1,205,205,$667.87,$136.91,$0.00,$0.00
Supplier,Ogden Newspapers,Webster City,3/3/26,,,OVOL USA,6410093202624,Newsprint,Kruger Newsprint,45 ,432.00 mm,N30Q01K191B,1,204,204,$667.87,$136.25,$0.00,$0.00
Supplier,Ogden Newspapers,Webster City,3/3/26,,,OVOL USA,6410093202624,Newsprint,Kruger Newsprint,45 ,432.00 mm,N30Q01K1913,1,204,204,$667.87,$136.25,$0.00,$0.00
Supplier,Ogden Newspapers,Webster City,3/3/26,,,OVOL USA,6410093202624,Newsprint,Kruger Newsprint,45 ,432.00 mm,N30Q01K186E,1,208,208,$667.87,$138.92,$0.00,$0.00
Supplier,Ogden Newspapers,Webster City,3/3/26,,,OVOL USA,6410093202624,Newsprint,Kruger Newsprint,45 ,432.00 mm,N30Q01K186D,1,208,208,$667.87,$138.92,$0.00,$0.00
Supplier,Ogden Newspapers,Webster City,3/3/26,,,OVOL USA,6410093202624,Newsprint,Kruger Newsprint,45 ,432.00 mm,N30Q01K186C,1,207,207,$667.87,$138.25,$0.00,$0.00
Supplier,Ogden Newspapers,Webster City,3/3/26,,,OVOL USA,6410093202624,Newsprint,Kruger Newsprint,45 ,432.00 mm,N30Q01K186B,1,207,207,$667.87,$138.25,$0.00,$0.00
Supplier,Ogden Newspapers,Webster City,3/3/26,,,OVOL USA,6410093202624,Newsprint,Kruger Newsprint,45 ,432.00 mm,N30Q01K1863,1,207,207,$667.87,$138.25,$0.00,$0.00
Supplier,Ogden Newspapers,Webster City,3/3/26,,,OVOL USA,6410093202624,Newsprint,Kruger Newsprint,45 ,432.00 mm,N30Q01K185E,1,208,208,$667.87,$138.92,$0.00,$0.00
Supplier,Ogden Newspapers,Webster City,3/3/26,,,OVOL USA,6410093202624,Newsprint,Kruger Newsprint,45 ,432.00 mm,N30Q01K185D,1,207,207,$667.87,$138.25,$0.00,$0.00
Supplier,Ogden Newspapers,Webster City,3/3/26,,,OVOL USA,6410093202624,Newsprint,Kruger Newsprint,45 ,432.00 mm,N30Q01K185C,1,207,207,$667.87,$138.25,$0.00,$0.00
Supplier,Ogden Newspapers,Webster City,3/3/26,,,OVOL USA,6410093202624,Newsprint,Kruger Newsprint,45 ,432.00 mm,N30Q01K185B,1,206,206,$667.87,$137.58,$0.00,$0.00
Supplier,Ogden Newspapers,Webster City,3/3/26,,,OVOL USA,6410093202624,Newsprint,Kruger Newsprint,45 ,432.00 mm,N30Q01K1853,1,207,207,$667.87,$138.25,$0.00,$0.00
Supplier,Ogden Newspapers,Webster City,3/3/26,,,OVOL USA,6410093202624,Newsprint,Kruger Newsprint,45 ,432.00 mm,N30Q01K184E,1,207,207,$667.87,$138.25,$0.00,$0.00
Supplier,Ogden Newspapers,Webster City,3/3/26,,,OVOL USA,6410093202624,Newsprint,Kruger Newsprint,45 ,432.00 mm,N30Q01K184D,1,206,206,$667.87,$137.58,$0.00,$0.00
Supplier,Ogden Newspapers,Webster City,3/3/26,,,OVOL USA,6410093202624,Newsprint,Kruger Newsprint,45 ,432.00 mm,N30Q01K184C,1,206,206,$667.87,$137.58,$0.00,$0.00
Supplier,Ogden Newspapers,Webster City,3/3/26,,,OVOL USA,6410093202624,Newsprint,Kruger Newsprint,45 ,432.00 mm,N30Q01K184B,1,206,206,$667.87,$137.58,$0.00,$0.00
Supplier,Ogden Newspapers,Webster City,3/3/26,,,OVOL USA,6410093202624,Newsprint,Kruger Newsprint,45 ,432.00 mm,N30Q01K1843,1,206,206,$667.87,$137.58,$0.00,$0.00
Supplier,Ogden Newspapers,Webster City,3/3/26,,,OVOL USA,6410093202624,Newsprint,Kruger Newsprint,45 ,432.00 mm,N30Q01K183E,1,206,206,$667.87,$137.58,$0.00,$0.00
Supplier,Ogden Newspapers,Webster City,3/3/26,,,OVOL USA,6410093202624,Newsprint,Kruger Newsprint,45 ,432.00 mm,N30Q01K183D,1,206,206,$667.87,$137.58,$0.00,$0.00
Supplier,Ogden Newspapers,Webster City,3/3/26,,,OVOL USA,6410093202624,Newsprint,Kruger Newsprint,45 ,432.00 mm,N30Q01K183C,1,207,207,$667.87,$138.25,$0.00,$0.00
Supplier,Ogden Newspapers,Webster City,3/3/26,,,OVOL USA,6410093202624,Newsprint,Kruger Newsprint,45 ,432.00 mm,N30Q01K183B,1,207,207,$667.87,$138.25,$0.00,$0.00
Supplier,Ogden Newspapers,Webster City,3/3/26,,,OVOL USA,6410093202624,Newsprint,Kruger Newsprint,45 ,432.00 mm,N30Q01K1833,1,206,206,$667.87,$137.58,$0.00,$0.00
Supplier,Ogden Newspapers,Webster City,11/6/24,,,OVOL USA,,Hi-Brite,Norbrite 92,74 ,432.00 mm,041267020002B,1,309,309,"$1,309.54",$404.65,$0.00,$0.00
Supplier,Ogden Newspapers,Webster City,11/6/24,,,OVOL USA,,Hi-Brite,Norbrite 92,74 ,432.00 mm,041267020002A,1,309,309,"$1,309.54",$404.65,$0.00,$0.00
Supplier,Ogden Newspapers,Webster City,11/6/24,,,OVOL USA,,Hi-Brite,Norbrite 92,74 ,432.00 mm,041267020001B,1,296,296,"$1,309.54",$387.62,$0.00,$0.00
Supplier,Ogden Newspapers,Webster City,11/6/24,,,OVOL USA,,Hi-Brite,Norbrite 92,74 ,432.00 mm,041267020001A,1,296,296,"$1,309.54",$387.62,$0.00,$0.00
Supplier,Ogden Newspapers,Webster City,11/6/24,,,OVOL USA,,Hi-Brite,Norbrite 92,74 ,432.00 mm,041267010003B,1,286,286,"$1,309.54",$374.53,$0.00,$0.00
Supplier,Ogden Newspapers,Webster City,11/6/24,,,OVOL USA,,Hi-Brite,Norbrite 92,74 ,432.00 mm,041267010003A,1,286,286,"$1,309.54",$374.53,$0.00,$0.00
Supplier,Ogden Newspapers,Webster City,11/6/24,,,OVOL USA,,Hi-Brite,Norbrite 92,74 ,432.00 mm,041267010002B,1,305,305,"$1,309.54",$399.41,$0.00,$0.00
Supplier,Ogden Newspapers,Webster City,11/6/24,,,OVOL USA,,Hi-Brite,Norbrite 92,74 ,432.00 mm,041267010002A,1,304,304,"$1,309.54",$398.10,$0.00,$0.00
Supplier,Ogden Newspapers,Webster City,11/6/24,,,OVOL USA,,Hi-Brite,Norbrite 92,74 ,432.00 mm,041267010001B,1,305,305,"$1,309.54",$399.41,$0.00,$0.00
Supplier,Ogden Newspapers,Webster City,11/6/24,,,OVOL USA,,Hi-Brite,Norbrite 92,74 ,432.00 mm,041267010001A,1,305,305,"$1,309.54",$399.41,$0.00,$0.00
Quantity Subtotals: ,,,,,,,,,,,,,216,"47,653","47,653",,"$39,728.56",,$0.00
,,,,,,,,,,,,,,,,,,,
Supplier,Ogden Newspapers,Webster City,3/13/26,,,OVOL USA,6410033202612,Newsprint,Kap Paper Newsprint,45 ,533.00 mm,M346A05323B,1,274,274,$640.10,$175.39,$0.00,$0.00
Supplier,Ogden Newspapers,Webster City,3/13/26,,,OVOL USA,6410033202612,Newsprint,Kap Paper Newsprint,45 ,533.00 mm,M346A05322H,1,273,273,$640.10,$174.75,$0.00,$0.00
Supplier,Ogden Newspapers,Webster City,3/13/26,,,OVOL USA,6410033202612,Newsprint,Kap Paper Newsprint,45 ,533.00 mm,M346A05322G,1,271,271,$640.10,$173.47,$0.00,$0.00
Supplier,Ogden Newspapers,Webster City,3/13/26,,,OVOL USA,6410033202612,Newsprint,Kap Paper Newsprint,45 ,533.00 mm,M346A05322F,1,272,272,$640.10,$174.11,$0.00,$0.00
Supplier,Ogden Newspapers,Webster City,3/13/26,,,OVOL USA,6410033202612,Newsprint,Kap Paper Newsprint,45 ,533.00 mm,M346A05322E,1,272,272,$640.10,$174.11,$0.00,$0.00
Supplier,Ogden Newspapers,Webster City,3/13/26,,,OVOL USA,6410033202612,Newsprint,Kap Paper Newsprint,45 ,533.00 mm,M346A05322D,1,273,273,$640.10,$174.75,$0.00,$0.00
Supplier,Ogden Newspapers,Webster City,3/13/26,,,OVOL USA,6410033202612,Newsprint,Kap Paper Newsprint,45 ,533.00 mm,M346A05322C,1,272,272,$640.10,$174.11,$0.00,$0.00
Supplier,Ogden Newspapers,Webster City,3/13/26,,,OVOL USA,6410033202612,Newsprint,Kap Paper Newsprint,45 ,533.00 mm,M346A05322B,1,272,272,$640.10,$174.11,$0.00,$0.00
Supplier,Ogden Newspapers,Webster City,3/13/26,,,OVOL USA,6410033202612,Newsprint,Kap Paper Newsprint,45 ,533.00 mm,M346A05321H,1,274,274,$640.10,$175.39,$0.00,$0.00
Supplier,Ogden Newspapers,Webster City,3/13/26,,,OVOL USA,6410033202612,Newsprint,Kap Paper Newsprint,45 ,533.00 mm,M346A05321G,1,271,271,$640.10,$173.47,$0.00,$0.00
Supplier,Ogden Newspapers,Webster City,3/13/26,,,OVOL USA,6410033202612,Newsprint,Kap Paper Newsprint,45 ,533.00 mm,M346A05321F,1,271,271,$640.10,$173.47,$0.00,$0.00
Supplier,Ogden Newspapers,Webster City,3/13/26,,,OVOL USA,6410033202612,Newsprint,Kap Paper Newsprint,45 ,533.00 mm,M346A05321E,1,272,272,$640.10,$174.11,$0.00,$0.00
Supplier,Ogden Newspapers,Webster City,3/13/26,,,OVOL USA,6410033202612,Newsprint,Kap Paper Newsprint,45 ,533.00 mm,M346A05321D,1,272,272,$640.10,$174.11,$0.00,$0.00
Supplier,Ogden Newspapers,Webster City,3/13/26,,,OVOL USA,6410033202612,Newsprint,Kap Paper Newsprint,45 ,533.00 mm,M346A05321C,1,270,270,$640.10,$172.83,$0.00,$0.00
Supplier,Ogden Newspapers,Webster City,3/13/26,,,OVOL USA,6410033202612,Newsprint,Kap Paper Newsprint,45 ,533.00 mm,M346A05321B,1,271,271,$640.10,$173.47,$0.00,$0.00
Supplier,Ogden Newspapers,Webster City,3/13/26,,,OVOL USA,6410033202612,Newsprint,Kap Paper Newsprint,45 ,533.00 mm,M346A05313H,1,274,274,$640.10,$175.39,$0.00,$0.00
Supplier,Ogden Newspapers,Webster City,3/13/26,,,OVOL USA,6410033202612,Newsprint,Kap Paper Newsprint,45 ,533.00 mm,M346A05313G,1,273,273,$640.10,$174.75,$0.00,$0.00
Supplier,Ogden Newspapers,Webster City,3/13/26,,,OVOL USA,6410033202612,Newsprint,Kap Paper Newsprint,45 ,533.00 mm,M346A05313F,1,274,274,$640.10,$175.39,$0.00,$0.00
Supplier,Ogden Newspapers,Webster City,3/13/26,,,OVOL USA,6410033202612,Newsprint,Kap Paper Newsprint,45 ,533.00 mm,M346A05313E,1,275,275,$640.10,$176.03,$0.00,$0.00
Supplier,Ogden Newspapers,Webster City,3/13/26,,,OVOL USA,6410033202612,Newsprint,Kap Paper Newsprint,45 ,533.00 mm,M346A05313D,1,275,275,$640.10,$176.03,$0.00,$0.00
Supplier,Ogden Newspapers,Webster City,3/13/26,,,OVOL USA,6410033202612,Newsprint,Kap Paper Newsprint,45 ,533.00 mm,M346A05313C,1,274,274,$640.10,$175.39,$0.00,$0.00
Supplier,Ogden Newspapers,Webster City,3/13/26,,,OVOL USA,6410033202612,Newsprint,Kap Paper Newsprint,45 ,533.00 mm,M346A05313B,1,274,274,$640.10,$175.39,$0.00,$0.00
Supplier,Ogden Newspapers,Webster City,3/13/26,,,OVOL USA,6410033202612,Newsprint,Kap Paper Newsprint,45 ,533.00 mm,M346A05312H,1,273,273,$640.10,$174.75,$0.00,$0.00
Supplier,Ogden Newspapers,Webster City,3/13/26,,,OVOL USA,6410033202612,Newsprint,Kap Paper Newsprint,45 ,533.00 mm,M346A05312G,1,271,271,$640.10,$173.47,$0.00,$0.00
Supplier,Ogden Newspapers,Webster City,3/13/26,,,OVOL USA,6410033202612,Newsprint,Kap Paper Newsprint,45 ,533.00 mm,M346A05312F,1,272,272,$640.10,$174.11,$0.00,$0.00
Supplier,Ogden Newspapers,Webster City,3/13/26,,,OVOL USA,6410033202612,Newsprint,Kap Paper Newsprint,45 ,533.00 mm,M346A05312E,1,272,272,$640.10,$174.11,$0.00,$0.00
Supplier,Ogden Newspapers,Webster City,3/13/26,,,OVOL USA,6410033202612,Newsprint,Kap Paper Newsprint,45 ,533.00 mm,M346A05312D,1,273,273,$640.10,$174.75,$0.00,$0.00
Supplier,Ogden Newspapers,Webster City,3/13/26,,,OVOL USA,6410033202612,Newsprint,Kap Paper Newsprint,45 ,533.00 mm,M346A05312C,1,272,272,$640.10,$174.11,$0.00,$0.00
Supplier,Ogden Newspapers,Webster City,3/13/26,,,OVOL USA,6410033202612,Newsprint,Kap Paper Newsprint,45 ,533.00 mm,M346A05312B,1,273,273,$640.10,$174.75,$0.00,$0.00
Supplier,Ogden Newspapers,Webster City,3/13/26,,,OVOL USA,6410033202612,Newsprint,Kap Paper Newsprint,45 ,533.00 mm,M346A05311H,1,272,272,$640.10,$174.11,$0.00,$0.00
Supplier,Ogden Newspapers,Webster City,3/13/26,,,OVOL USA,6410033202612,Newsprint,Kap Paper Newsprint,45 ,533.00 mm,M346A05311G,1,270,270,$640.10,$172.83,$0.00,$0.00
Supplier,Ogden Newspapers,Webster City,3/13/26,,,OVOL USA,6410033202612,Newsprint,Kap Paper Newsprint,45 ,533.00 mm,M346A05311F,1,270,270,$640.10,$172.83,$0.00,$0.00
Supplier,Ogden Newspapers,Webster City,3/13/26,,,OVOL USA,6410033202612,Newsprint,Kap Paper Newsprint,45 ,533.00 mm,M346A05311E,1,271,271,$640.10,$173.47,$0.00,$0.00
Supplier,Ogden Newspapers,Webster City,3/13/26,,,OVOL USA,6410033202612,Newsprint,Kap Paper Newsprint,45 ,533.00 mm,M346A05311D,1,271,271,$640.10,$173.47,$0.00,$0.00
Supplier,Ogden Newspapers,Webster City,3/13/26,,,OVOL USA,6410033202612,Newsprint,Kap Paper Newsprint,45 ,533.00 mm,M346A05311C,1,270,270,$640.10,$172.83,$0.00,$0.00
Supplier,Ogden Newspapers,Webster City,3/13/26,,,OVOL USA,6410033202612,Newsprint,Kap Paper Newsprint,45 ,533.00 mm,M346A05311B,1,271,271,$640.10,$173.47,$0.00,$0.00
Supplier,Ogden Newspapers,Webster City,3/13/26,,,OVOL USA,6410033202612,Newsprint,Kap Paper Newsprint,45 ,533.00 mm,M346A05303H,1,275,275,$640.10,$176.03,$0.00,$0.00
Supplier,Ogden Newspapers,Webster City,3/13/26,,,OVOL USA,6410033202612,Newsprint,Kap Paper Newsprint,45 ,533.00 mm,M346A05303G,1,272,272,$640.10,$174.11,$0.00,$0.00
Supplier,Ogden Newspapers,Webster City,3/13/26,,,OVOL USA,6410033202612,Newsprint,Kap Paper Newsprint,45 ,533.00 mm,M346A05303F,1,272,272,$640.10,$174.11,$0.00,$0.00
Supplier,Ogden Newspapers,Webster City,3/13/26,,,OVOL USA,6410033202612,Newsprint,Kap Paper Newsprint,45 ,533.00 mm,M346A05303E,1,273,273,$640.10,$174.75,$0.00,$0.00
Supplier,Ogden Newspapers,Webster City,3/13/26,,,OVOL USA,6410033202612,Newsprint,Kap Paper Newsprint,45 ,533.00 mm,M346A05303D,1,273,273,$640.10,$174.75,$0.00,$0.00
Supplier,Ogden Newspapers,Webster City,3/13/26,,,OVOL USA,6410033202612,Newsprint,Kap Paper Newsprint,45 ,533.00 mm,M346A05303C,1,272,272,$640.10,$174.11,$0.00,$0.00
Supplier,Ogden Newspapers,Webster City,3/13/26,,,OVOL USA,6410033202612,Newsprint,Kap Paper Newsprint,45 ,533.00 mm,M346A05303B,1,272,272,$640.10,$174.11,$0.00,$0.00
Supplier,Ogden Newspapers,Webster City,3/13/26,,,OVOL USA,6410033202612,Newsprint,Kap Paper Newsprint,45 ,533.00 mm,M346A05302H,1,274,274,$640.10,$175.39,$0.00,$0.00
Supplier,Ogden Newspapers,Webster City,3/13/26,,,OVOL USA,6410033202612,Newsprint,Kap Paper Newsprint,45 ,533.00 mm,M346A05302G,1,273,273,$640.10,$174.75,$0.00,$0.00
Supplier,Ogden Newspapers,Webster City,3/13/26,,,OVOL USA,6410033202612,Newsprint,Kap Paper Newsprint,45 ,533.00 mm,M346A05302F,1,273,273,$640.10,$174.75,$0.00,$0.00
Supplier,Ogden Newspapers,Webster City,3/13/26,,,OVOL USA,6410033202612,Newsprint,Kap Paper Newsprint,45 ,533.00 mm,M346A05302E,1,274,274,$640.10,$175.39,$0.00,$0.00
Supplier,Ogden Newspapers,Webster City,3/13/26,,,OVOL USA,6410033202612,Newsprint,Kap Paper Newsprint,45 ,533.00 mm,M346A05302D,1,274,274,$640.10,$175.39,$0.00,$0.00
Supplier,Ogden Newspapers,Webster City,3/13/26,,,OVOL USA,6410033202612,Newsprint,Kap Paper Newsprint,45 ,533.00 mm,M346A05302C,1,272,272,$640.10,$174.11,$0.00,$0.00
Supplier,Ogden Newspapers,Webster City,3/13/26,,,OVOL USA,6410033202612,Newsprint,Kap Paper Newsprint,45 ,533.00 mm,M346A05302B,1,272,272,$640.10,$174.11,$0.00,$0.00
Supplier,Ogden Newspapers,Webster City,3/13/26,,,OVOL USA,6410033202612,Newsprint,Kap Paper Newsprint,45 ,533.00 mm,M346A05301G,1,270,270,$640.10,$172.83,$0.00,$0.00
Supplier,Ogden Newspapers,Webster City,3/13/26,,,OVOL USA,6410033202612,Newsprint,Kap Paper Newsprint,45 ,533.00 mm,M346A05301F,1,271,271,$640.10,$173.47,$0.00,$0.00
Supplier,Ogden Newspapers,Webster City,3/13/26,,,OVOL USA,6410033202612,Newsprint,Kap Paper Newsprint,45 ,533.00 mm,M346A05301E,1,272,272,$640.10,$174.11,$0.00,$0.00
Supplier,Ogden Newspapers,Webster City,3/13/26,,,OVOL USA,6410033202612,Newsprint,Kap Paper Newsprint,45 ,533.00 mm,M346A05301D,1,272,272,$640.10,$174.11,$0.00,$0.00
Supplier,Ogden Newspapers,Webster City,3/13/26,,,OVOL USA,6410033202612,Newsprint,Kap Paper Newsprint,45 ,533.00 mm,M346A05301C,1,270,270,$640.10,$172.83,$0.00,$0.00
Supplier,Ogden Newspapers,Webster City,3/13/26,,,OVOL USA,6410033202612,Newsprint,Kap Paper Newsprint,45 ,533.00 mm,M346A05301B,1,270,270,$640.10,$172.83,$0.00,$0.00
Supplier,Ogden Newspapers,Webster City,3/13/26,,,OVOL USA,6410033202612,Newsprint,Kap Paper Newsprint,45 ,533.00 mm,M346A05293E,1,275,275,$640.10,$176.03,$0.00,$0.00
Supplier,Ogden Newspapers,Webster City,3/13/26,,,OVOL USA,6410033202612,Newsprint,Kap Paper Newsprint,45 ,533.00 mm,M346A05293D,1,275,275,$640.10,$176.03,$0.00,$0.00
Supplier,Ogden Newspapers,Webster City,3/13/26,,,OVOL USA,6410033202612,Newsprint,Kap Paper Newsprint,45 ,533.00 mm,M346A05292H,1,273,273,$640.10,$174.75,$0.00,$0.00
Supplier,Ogden Newspapers,Webster City,3/13/26,,,OVOL USA,6410033202612,Newsprint,Kap Paper Newsprint,45 ,533.00 mm,M346A05292G,1,271,271,$640.10,$173.47,$0.00,$0.00
Supplier,Ogden Newspapers,Webster City,3/13/26,,,OVOL USA,6410033202612,Newsprint,Kap Paper Newsprint,45 ,533.00 mm,M346A05292F,1,272,272,$640.10,$174.11,$0.00,$0.00
Supplier,Ogden Newspapers,Webster City,3/13/26,,,OVOL USA,6410033202612,Newsprint,Kap Paper Newsprint,45 ,533.00 mm,M346A05292E,1,272,272,$640.10,$174.11,$0.00,$0.00
Supplier,Ogden Newspapers,Webster City,3/13/26,,,OVOL USA,6410033202612,Newsprint,Kap Paper Newsprint,45 ,533.00 mm,M346A05292D,1,272,272,$640.10,$174.11,$0.00,$0.00
Supplier,Ogden Newspapers,Webster City,3/13/26,,,OVOL USA,6410033202612,Newsprint,Kap Paper Newsprint,45 ,533.00 mm,M346A05292C,1,271,271,$640.10,$173.47,$0.00,$0.00
Supplier,Ogden Newspapers,Webster City,3/13/26,,,OVOL USA,6410033202612,Newsprint,Kap Paper Newsprint,45 ,533.00 mm,M346A05292B,1,272,272,$640.10,$174.11,$0.00,$0.00
Supplier,Ogden Newspapers,Webster City,3/13/26,,,OVOL USA,6410033202612,Newsprint,Kap Paper Newsprint,45 ,533.00 mm,M346A05291H,1,273,273,$640.10,$174.75,$0.00,$0.00
Supplier,Ogden Newspapers,Webster City,3/13/26,,,OVOL USA,6410033202612,Newsprint,Kap Paper Newsprint,45 ,533.00 mm,M346A05291G,1,271,271,$640.10,$173.47,$0.00,$0.00
Supplier,Ogden Newspapers,Webster City,3/13/26,,,OVOL USA,6410033202612,Newsprint,Kap Paper Newsprint,45 ,533.00 mm,M346A05291F,1,271,271,$640.10,$173.47,$0.00,$0.00
Supplier,Ogden Newspapers,Webster City,3/13/26,,,OVOL USA,6410033202612,Newsprint,Kap Paper Newsprint,45 ,533.00 mm,M346A05291E,1,272,272,$640.10,$174.11,$0.00,$0.00
Supplier,Ogden Newspapers,Webster City,3/13/26,,,OVOL USA,6410033202612,Newsprint,Kap Paper Newsprint,45 ,533.00 mm,M346A05291D,1,272,272,$640.10,$174.11,$0.00,$0.00
Supplier,Ogden Newspapers,Webster City,3/13/26,,,OVOL USA,6410033202612,Newsprint,Kap Paper Newsprint,45 ,533.00 mm,M346A05291C,1,271,271,$640.10,$173.47,$0.00,$0.00
Supplier,Ogden Newspapers,Webster City,3/13/26,,,OVOL USA,6410033202612,Newsprint,Kap Paper Newsprint,45 ,533.00 mm,M346A05291B,1,272,272,$640.10,$174.11,$0.00,$0.00
Supplier,Ogden Newspapers,Webster City,3/27/26,,,OVOL USA,6410033202613,Newsprint,Kap Paper Newsprint,45 ,533.00 mm,M346A06012H,1,274,274,$640.10,$175.39,$0.00,$0.00
Supplier,Ogden Newspapers,Webster City,3/27/26,,,OVOL USA,6410033202613,Newsprint,Kap Paper Newsprint,45 ,533.00 mm,M346A06012G,1,274,274,$640.10,$175.39,$0.00,$0.00
Supplier,Ogden Newspapers,Webster City,3/27/26,,,OVOL USA,6410033202613,Newsprint,Kap Paper Newsprint,45 ,533.00 mm,M346A06012F,1,273,273,$640.10,$174.75,$0.00,$0.00
Supplier,Ogden Newspapers,Webster City,3/27/26,,,OVOL USA,6410033202613,Newsprint,Kap Paper Newsprint,45 ,533.00 mm,M346A06012E,1,274,274,$640.10,$175.39,$0.00,$0.00
Supplier,Ogden Newspapers,Webster City,3/27/26,,,OVOL USA,6410033202613,Newsprint,Kap Paper Newsprint,45 ,533.00 mm,M346A06012D,1,273,273,$640.10,$174.75,$0.00,$0.00
Supplier,Ogden Newspapers,Webster City,3/27/26,,,OVOL USA,6410033202613,Newsprint,Kap Paper Newsprint,45 ,533.00 mm,M346A06012C,1,274,274,$640.10,$175.39,$0.00,$0.00
Supplier,Ogden Newspapers,Webster City,3/27/26,,,OVOL USA,6410033202613,Newsprint,Kap Paper Newsprint,45 ,533.00 mm,M346A06012B,1,273,273,$640.10,$174.75,$0.00,$0.00
Supplier,Ogden Newspapers,Webster City,3/27/26,,,OVOL USA,6410033202613,Newsprint,Kap Paper Newsprint,45 ,533.00 mm,M346A06012A,1,273,273,$640.10,$174.75,$0.00,$0.00
Supplier,Ogden Newspapers,Webster City,3/27/26,,,OVOL USA,6410033202613,Newsprint,Kap Paper Newsprint,45 ,533.00 mm,M346A06011H,1,271,271,$640.10,$173.47,$0.00,$0.00
Supplier,Ogden Newspapers,Webster City,3/27/26,,,OVOL USA,6410033202613,Newsprint,Kap Paper Newsprint,45 ,533.00 mm,M346A06011G,1,271,271,$640.10,$173.47,$0.00,$0.00
Supplier,Ogden Newspapers,Webster City,3/27/26,,,OVOL USA,6410033202613,Newsprint,Kap Paper Newsprint,45 ,533.00 mm,M346A06011F,1,271,271,$640.10,$173.47,$0.00,$0.00
Supplier,Ogden Newspapers,Webster City,3/27/26,,,OVOL USA,6410033202613,Newsprint,Kap Paper Newsprint,45 ,533.00 mm,M346A06011E,1,272,272,$640.10,$174.11,$0.00,$0.00
Supplier,Ogden Newspapers,Webster City,3/27/26,,,OVOL USA,6410033202613,Newsprint,Kap Paper Newsprint,45 ,533.00 mm,M346A06011D,1,270,270,$640.10,$172.83,$0.00,$0.00
Supplier,Ogden Newspapers,Webster City,3/27/26,,,OVOL USA,6410033202613,Newsprint,Kap Paper Newsprint,45 ,533.00 mm,M346A06011C,1,271,271,$640.10,$173.47,$0.00,$0.00
Supplier,Ogden Newspapers,Webster City,3/27/26,,,OVOL USA,6410033202613,Newsprint,Kap Paper Newsprint,45 ,533.00 mm,M346A05353H,1,274,274,$640.10,$175.39,$0.00,$0.00
Supplier,Ogden Newspapers,Webster City,3/27/26,,,OVOL USA,6410033202613,Newsprint,Kap Paper Newsprint,45 ,533.00 mm,M346A05353G,1,274,274,$640.10,$175.39,$0.00,$0.00
Supplier,Ogden Newspapers,Webster City,3/27/26,,,OVOL USA,6410033202613,Newsprint,Kap Paper Newsprint,45 ,533.00 mm,M346A05353F,1,274,274,$640.10,$175.39,$0.00,$0.00
Supplier,Ogden Newspapers,Webster City,3/27/26,,,OVOL USA,6410033202613,Newsprint,Kap Paper Newsprint,45 ,533.00 mm,M346A05353E,1,275,275,$640.10,$176.03,$0.00,$0.00
Supplier,Ogden Newspapers,Webster City,3/27/26,,,OVOL USA,6410033202613,Newsprint,Kap Paper Newsprint,45 ,533.00 mm,M346A05353D,1,273,273,$640.10,$174.75,$0.00,$0.00
Supplier,Ogden Newspapers,Webster City,3/27/26,,,OVOL USA,6410033202613,Newsprint,Kap Paper Newsprint,45 ,533.00 mm,M346A05353C,1,274,274,$640.10,$175.39,$0.00,$0.00
Supplier,Ogden Newspapers,Webster City,3/27/26,,,OVOL USA,6410033202613,Newsprint,Kap Paper Newsprint,45 ,533.00 mm,M346A05352H,1,272,272,$640.10,$174.11,$0.00,$0.00
Supplier,Ogden Newspapers,Webster City,3/27/26,,,OVOL USA,6410033202613,Newsprint,Kap Paper Newsprint,45 ,533.00 mm,M346A05352G,1,273,273,$640.10,$174.75,$0.00,$0.00
Supplier,Ogden Newspapers,Webster City,3/27/26,,,OVOL USA,6410033202613,Newsprint,Kap Paper Newsprint,45 ,533.00 mm,M346A05352F,1,273,273,$640.10,$174.75,$0.00,$0.00
Supplier,Ogden Newspapers,Webster City,3/27/26,,,OVOL USA,6410033202613,Newsprint,Kap Paper Newsprint,45 ,533.00 mm,M346A05352E,1,273,273,$640.10,$174.75,$0.00,$0.00
Supplier,Ogden Newspapers,Webster City,3/27/26,,,OVOL USA,6410033202613,Newsprint,Kap Paper Newsprint,45 ,533.00 mm,M346A05352D,1,272,272,$640.10,$174.11,$0.00,$0.00
Supplier,Ogden Newspapers,Webster City,3/27/26,,,OVOL USA,6410033202613,Newsprint,Kap Paper Newsprint,45 ,533.00 mm,M346A05352C,1,272,272,$640.10,$174.11,$0.00,$0.00
Supplier,Ogden Newspapers,Webster City,3/27/26,,,OVOL USA,6410033202613,Newsprint,Kap Paper Newsprint,45 ,533.00 mm,M346A05351H,1,271,271,$640.10,$173.47,$0.00,$0.00
Supplier,Ogden Newspapers,Webster City,3/27/26,,,OVOL USA,6410033202613,Newsprint,Kap Paper Newsprint,45 ,533.00 mm,M346A05351G,1,272,272,$640.10,$174.11,$0.00,$0.00
Supplier,Ogden Newspapers,Webster City,3/27/26,,,OVOL USA,6410033202613,Newsprint,Kap Paper Newsprint,45 ,533.00 mm,M346A05351F,1,272,272,$640.10,$174.11,$0.00,$0.00
Supplier,Ogden Newspapers,Webster City,3/27/26,,,OVOL USA,6410033202613,Newsprint,Kap Paper Newsprint,45 ,533.00 mm,M346A05351E,1,272,272,$640.10,$174.11,$0.00,$0.00
Supplier,Ogden Newspapers,Webster City,3/27/26,,,OVOL USA,6410033202613,Newsprint,Kap Paper Newsprint,45 ,533.00 mm,M346A05351D,1,271,271,$640.10,$173.47,$0.00,$0.00
Supplier,Ogden Newspapers,Webster City,3/27/26,,,OVOL USA,6410033202613,Newsprint,Kap Paper Newsprint,45 ,533.00 mm,M346A05351C,1,271,271,$640.10,$173.47,$0.00,$0.00
Supplier,Ogden Newspapers,Webster City,3/27/26,,,OVOL USA,6410033202613,Newsprint,Kap Paper Newsprint,45 ,533.00 mm,M346A05343F,1,273,273,$640.10,$174.75,$0.00,$0.00
Supplier,Ogden Newspapers,Webster City,3/27/26,,,OVOL USA,6410033202613,Newsprint,Kap Paper Newsprint,45 ,533.00 mm,M346A05343E,1,274,274,$640.10,$175.39,$0.00,$0.00
Supplier,Ogden Newspapers,Webster City,3/27/26,,,OVOL USA,6410033202613,Newsprint,Kap Paper Newsprint,45 ,533.00 mm,M346A05343D,1,272,272,$640.10,$174.11,$0.00,$0.00
Supplier,Ogden Newspapers,Webster City,3/27/26,,,OVOL USA,6410033202613,Newsprint,Kap Paper Newsprint,45 ,533.00 mm,M346A05343C,1,273,273,$640.10,$174.75,$0.00,$0.00
Supplier,Ogden Newspapers,Webster City,3/27/26,,,OVOL USA,6410033202613,Newsprint,Kap Paper Newsprint,45 ,533.00 mm,M346A05342H,1,273,273,$640.10,$174.75,$0.00,$0.00
Supplier,Ogden Newspapers,Webster City,3/27/26,,,OVOL USA,6410033202613,Newsprint,Kap Paper Newsprint,45 ,533.00 mm,M346A05342G,1,273,273,$640.10,$174.75,$0.00,$0.00
Supplier,Ogden Newspapers,Webster City,3/27/26,,,OVOL USA,6410033202613,Newsprint,Kap Paper Newsprint,45 ,533.00 mm,M346A05342F,1,274,274,$640.10,$175.39,$0.00,$0.00
Supplier,Ogden Newspapers,Webster City,3/27/26,,,OVOL USA,6410033202613,Newsprint,Kap Paper Newsprint,45 ,533.00 mm,M346A05342E,1,275,275,$640.10,$176.03,$0.00,$0.00
Supplier,Ogden Newspapers,Webster City,3/27/26,,,OVOL USA,6410033202613,Newsprint,Kap Paper Newsprint,45 ,533.00 mm,M346A05342D,1,274,274,$640.10,$175.39,$0.00,$0.00
Supplier,Ogden Newspapers,Webster City,3/27/26,,,OVOL USA,6410033202613,Newsprint,Kap Paper Newsprint,45 ,533.00 mm,M346A05342C,1,274,274,$640.10,$175.39,$0.00,$0.00
Supplier,Ogden Newspapers,Webster City,3/27/26,,,OVOL USA,6410033202613,Newsprint,Kap Paper Newsprint,45 ,533.00 mm,M346A05341H,1,271,271,$640.10,$173.47,$0.00,$0.00
Supplier,Ogden Newspapers,Webster City,3/27/26,,,OVOL USA,6410033202613,Newsprint,Kap Paper Newsprint,45 ,533.00 mm,M346A05341G,1,271,271,$640.10,$173.47,$0.00,$0.00
Supplier,Ogden Newspapers,Webster City,3/27/26,,,OVOL USA,6410033202613,Newsprint,Kap Paper Newsprint,45 ,533.00 mm,M346A05341F,1,271,271,$640.10,$173.47,$0.00,$0.00
Supplier,Ogden Newspapers,Webster City,3/27/26,,,OVOL USA,6410033202613,Newsprint,Kap Paper Newsprint,45 ,533.00 mm,M346A05341E,1,272,272,$640.10,$174.11,$0.00,$0.00
Supplier,Ogden Newspapers,Webster City,3/27/26,,,OVOL USA,6410033202613,Newsprint,Kap Paper Newsprint,45 ,533.00 mm,M346A05341D,1,270,270,$640.10,$172.83,$0.00,$0.00
Supplier,Ogden Newspapers,Webster City,3/27/26,,,OVOL USA,6410033202613,Newsprint,Kap Paper Newsprint,45 ,533.00 mm,M346A05341C,1,271,271,$640.10,$173.47,$0.00,$0.00
Supplier,Ogden Newspapers,Webster City,3/27/26,,,OVOL USA,6410033202613,Newsprint,Kap Paper Newsprint,45 ,533.00 mm,M346A05333H,1,272,272,$640.10,$174.11,$0.00,$0.00
Supplier,Ogden Newspapers,Webster City,3/27/26,,,OVOL USA,6410033202613,Newsprint,Kap Paper Newsprint,45 ,533.00 mm,M346A05333G,1,273,273,$640.10,$174.75,$0.00,$0.00
Supplier,Ogden Newspapers,Webster City,3/27/26,,,OVOL USA,6410033202613,Newsprint,Kap Paper Newsprint,45 ,533.00 mm,M346A05333F,1,273,273,$640.10,$174.75,$0.00,$0.00
Supplier,Ogden Newspapers,Webster City,3/27/26,,,OVOL USA,6410033202613,Newsprint,Kap Paper Newsprint,45 ,533.00 mm,M346A05333E,1,274,274,$640.10,$175.39,$0.00,$0.00
Supplier,Ogden Newspapers,Webster City,3/27/26,,,OVOL USA,6410033202613,Newsprint,Kap Paper Newsprint,45 ,533.00 mm,M346A05333D,1,272,272,$640.10,$174.11,$0.00,$0.00
Supplier,Ogden Newspapers,Webster City,3/27/26,,,OVOL USA,6410033202613,Newsprint,Kap Paper Newsprint,45 ,533.00 mm,M346A05333C,1,273,273,$640.10,$174.75,$0.00,$0.00
Supplier,Ogden Newspapers,Webster City,3/27/26,,,OVOL USA,6410033202613,Newsprint,Kap Paper Newsprint,45 ,533.00 mm,M346A05332Z,1,272,272,$640.10,$174.11,$0.00,$0.00
Supplier,Ogden Newspapers,Webster City,3/27/26,,,OVOL USA,6410033202613,Newsprint,Kap Paper Newsprint,45 ,533.00 mm,M346A05332H,1,271,271,$640.10,$173.47,$0.00,$0.00
Supplier,Ogden Newspapers,Webster City,3/27/26,,,OVOL USA,6410033202613,Newsprint,Kap Paper Newsprint,45 ,533.00 mm,M346A05332G,1,271,271,$640.10,$173.47,$0.00,$0.00
Supplier,Ogden Newspapers,Webster City,3/27/26,,,OVOL USA,6410033202613,Newsprint,Kap Paper Newsprint,45 ,533.00 mm,M346A05332F,1,273,273,$640.10,$174.75,$0.00,$0.00
Supplier,Ogden Newspapers,Webster City,3/27/26,,,OVOL USA,6410033202613,Newsprint,Kap Paper Newsprint,45 ,533.00 mm,M346A05332E,1,273,273,$640.10,$174.75,$0.00,$0.00
Supplier,Ogden Newspapers,Webster City,3/27/26,,,OVOL USA,6410033202613,Newsprint,Kap Paper Newsprint,45 ,533.00 mm,M346A05332D,1,272,272,$640.10,$174.11,$0.00,$0.00
Supplier,Ogden Newspapers,Webster City,3/27/26,,,OVOL USA,6410033202613,Newsprint,Kap Paper Newsprint,45 ,533.00 mm,M346A05332C,1,273,273,$640.10,$174.75,$0.00,$0.00
Supplier,Ogden Newspapers,Webster City,3/27/26,,,OVOL USA,6410033202613,Newsprint,Kap Paper Newsprint,45 ,533.00 mm,M346A05331Z,1,271,271,$640.10,$173.47,$0.00,$0.00
Supplier,Ogden Newspapers,Webster City,3/27/26,,,OVOL USA,6410033202613,Newsprint,Kap Paper Newsprint,45 ,533.00 mm,M346A05331H,1,269,269,$640.10,$172.19,$0.00,$0.00
Supplier,Ogden Newspapers,Webster City,3/27/26,,,OVOL USA,6410033202613,Newsprint,Kap Paper Newsprint,45 ,533.00 mm,M346A05331G,1,270,270,$640.10,$172.83,$0.00,$0.00
Supplier,Ogden Newspapers,Webster City,3/27/26,,,OVOL USA,6410033202613,Newsprint,Kap Paper Newsprint,45 ,533.00 mm,M346A05331F,1,271,271,$640.10,$173.47,$0.00,$0.00
Supplier,Ogden Newspapers,Webster City,3/27/26,,,OVOL USA,6410033202613,Newsprint,Kap Paper Newsprint,45 ,533.00 mm,M346A05331E,1,271,271,$640.10,$173.47,$0.00,$0.00
Supplier,Ogden Newspapers,Webster City,3/27/26,,,OVOL USA,6410033202613,Newsprint,Kap Paper Newsprint,45 ,533.00 mm,M346A05331D,1,270,270,$640.10,$172.83,$0.00,$0.00
Supplier,Ogden Newspapers,Webster City,3/27/26,,,OVOL USA,6410033202613,Newsprint,Kap Paper Newsprint,45 ,533.00 mm,M346A05331C,1,271,271,$640.10,$173.47,$0.00,$0.00
Supplier,Ogden Newspapers,Webster City,3/27/26,,,OVOL USA,6410033202613,Newsprint,Kap Paper Newsprint,45 ,533.00 mm,M346A05323H,1,274,274,$640.10,$175.39,$0.00,$0.00
Supplier,Ogden Newspapers,Webster City,3/27/26,,,OVOL USA,6410033202613,Newsprint,Kap Paper Newsprint,45 ,533.00 mm,M346A05323G,1,274,274,$640.10,$175.39,$0.00,$0.00
Supplier,Ogden Newspapers,Webster City,3/27/26,,,OVOL USA,6410033202613,Newsprint,Kap Paper Newsprint,45 ,533.00 mm,M346A05323F,1,273,273,$640.10,$174.75,$0.00,$0.00
Supplier,Ogden Newspapers,Webster City,3/27/26,,,OVOL USA,6410033202613,Newsprint,Kap Paper Newsprint,45 ,533.00 mm,M346A05323E,1,274,274,$640.10,$175.39,$0.00,$0.00
Supplier,Ogden Newspapers,Webster City,3/27/26,,,OVOL USA,6410033202613,Newsprint,Kap Paper Newsprint,45 ,533.00 mm,M346A05323D,1,274,274,$640.10,$175.39,$0.00,$0.00
Supplier,Ogden Newspapers,Webster City,3/27/26,,,OVOL USA,6410033202613,Newsprint,Kap Paper Newsprint,45 ,533.00 mm,M346A05323C,1,275,275,$640.10,$176.03,$0.00,$0.00
Supplier,Ogden Newspapers,Webster City,3/11/26,,,OVOL USA,6410033202614,Newsprint,Kap Paper Newsprint,45 ,533.00 mm,M356B21131K,1,274,274,$640.10,$175.39,$0.00,$0.00
Supplier,Ogden Newspapers,Webster City,3/11/26,,,OVOL USA,6410033202614,Newsprint,Kap Paper Newsprint,45 ,533.00 mm,M356B21131J,1,275,275,$640.10,$176.03,$0.00,$0.00
Supplier,Ogden Newspapers,Webster City,3/11/26,,,OVOL USA,6410033202614,Newsprint,Kap Paper Newsprint,45 ,533.00 mm,M356B21131H,1,267,267,$640.10,$170.91,$0.00,$0.00
Supplier,Ogden Newspapers,Webster City,3/11/26,,,OVOL USA,6410033202614,Newsprint,Kap Paper Newsprint,45 ,533.00 mm,M356B21131G,1,267,267,$640.10,$170.91,$0.00,$0.00
Supplier,Ogden Newspapers,Webster City,3/11/26,,,OVOL USA,6410033202614,Newsprint,Kap Paper Newsprint,45 ,533.00 mm,M356B21131F,1,274,274,$640.10,$175.39,$0.00,$0.00
Supplier,Ogden Newspapers,Webster City,3/11/26,,,OVOL USA,6410033202614,Newsprint,Kap Paper Newsprint,45 ,533.00 mm,M356B21131E,1,275,275,$640.10,$176.03,$0.00,$0.00
Supplier,Ogden Newspapers,Webster City,3/11/26,,,OVOL USA,6410033202614,Newsprint,Kap Paper Newsprint,45 ,533.00 mm,M356B21131D,1,273,273,$640.10,$174.75,$0.00,$0.00
Supplier,Ogden Newspapers,Webster City,3/11/26,,,OVOL USA,6410033202614,Newsprint,Kap Paper Newsprint,45 ,533.00 mm,M356B21131C,1,274,274,$640.10,$175.39,$0.00,$0.00
Supplier,Ogden Newspapers,Webster City,3/11/26,,,OVOL USA,6410033202614,Newsprint,Kap Paper Newsprint,45 ,533.00 mm,M356B21112K,1,271,271,$640.10,$173.47,$0.00,$0.00
Supplier,Ogden Newspapers,Webster City,3/11/26,,,OVOL USA,6410033202614,Newsprint,Kap Paper Newsprint,45 ,533.00 mm,M356B21112J,1,272,272,$640.10,$174.11,$0.00,$0.00
Supplier,Ogden Newspapers,Webster City,3/11/26,,,OVOL USA,6410033202614,Newsprint,Kap Paper Newsprint,45 ,533.00 mm,M356B21112H,1,269,269,$640.10,$172.19,$0.00,$0.00
Supplier,Ogden Newspapers,Webster City,3/11/26,,,OVOL USA,6410033202614,Newsprint,Kap Paper Newsprint,45 ,533.00 mm,M356B21112G,1,269,269,$640.10,$172.19,$0.00,$0.00
Supplier,Ogden Newspapers,Webster City,3/11/26,,,OVOL USA,6410033202614,Newsprint,Kap Paper Newsprint,45 ,533.00 mm,M356B21111K,1,274,274,$640.10,$175.39,$0.00,$0.00
Supplier,Ogden Newspapers,Webster City,3/11/26,,,OVOL USA,6410033202614,Newsprint,Kap Paper Newsprint,45 ,533.00 mm,M356B21111J,1,275,275,$640.10,$176.03,$0.00,$0.00
Supplier,Ogden Newspapers,Webster City,3/11/26,,,OVOL USA,6410033202614,Newsprint,Kap Paper Newsprint,45 ,533.00 mm,M356B21111H,1,272,272,$640.10,$174.11,$0.00,$0.00
Supplier,Ogden Newspapers,Webster City,3/11/26,,,OVOL USA,6410033202614,Newsprint,Kap Paper Newsprint,45 ,533.00 mm,M356B21111G,1,273,273,$640.10,$174.75,$0.00,$0.00
Supplier,Ogden Newspapers,Webster City,3/11/26,,,OVOL USA,6410033202614,Newsprint,Kap Paper Newsprint,45 ,533.00 mm,M356B21111F,1,270,270,$640.10,$172.83,$0.00,$0.00
Supplier,Ogden Newspapers,Webster City,3/11/26,,,OVOL USA,6410033202614,Newsprint,Kap Paper Newsprint,45 ,533.00 mm,M356B21111E,1,270,270,$640.10,$172.83,$0.00,$0.00
Supplier,Ogden Newspapers,Webster City,3/11/26,,,OVOL USA,6410033202614,Newsprint,Kap Paper Newsprint,45 ,533.00 mm,M356B21111D,1,274,274,$640.10,$175.39,$0.00,$0.00
Supplier,Ogden Newspapers,Webster City,3/11/26,,,OVOL USA,6410033202614,Newsprint,Kap Paper Newsprint,45 ,533.00 mm,M356B21111C,1,274,274,$640.10,$175.39,$0.00,$0.00
Supplier,Ogden Newspapers,Webster City,3/11/26,,,OVOL USA,6410033202614,Newsprint,Kap Paper Newsprint,45 ,533.00 mm,M356B21093K,1,281,281,$640.10,$179.87,$0.00,$0.00
Supplier,Ogden Newspapers,Webster City,3/11/26,,,OVOL USA,6410033202614,Newsprint,Kap Paper Newsprint,45 ,533.00 mm,M356B21093J,1,282,282,$640.10,$180.51,$0.00,$0.00
Supplier,Ogden Newspapers,Webster City,3/11/26,,,OVOL USA,6410033202614,Newsprint,Kap Paper Newsprint,45 ,533.00 mm,M356B21093H,1,278,278,$640.10,$177.95,$0.00,$0.00
Supplier,Ogden Newspapers,Webster City,3/11/26,,,OVOL USA,6410033202614,Newsprint,Kap Paper Newsprint,45 ,533.00 mm,M356B21093G,1,279,279,$640.10,$178.59,$0.00,$0.00
Supplier,Ogden Newspapers,Webster City,3/11/26,,,OVOL USA,6410033202614,Newsprint,Kap Paper Newsprint,45 ,533.00 mm,M356B21093F,1,277,277,$640.10,$177.31,$0.00,$0.00
Supplier,Ogden Newspapers,Webster City,3/11/26,,,OVOL USA,6410033202614,Newsprint,Kap Paper Newsprint,45 ,533.00 mm,M356B21093E,1,277,277,$640.10,$177.31,$0.00,$0.00
Supplier,Ogden Newspapers,Webster City,3/11/26,,,OVOL USA,6410033202614,Newsprint,Kap Paper Newsprint,45 ,533.00 mm,M356B21093D,1,280,280,$640.10,$179.23,$0.00,$0.00
Supplier,Ogden Newspapers,Webster City,3/11/26,,,OVOL USA,6410033202614,Newsprint,Kap Paper Newsprint,45 ,533.00 mm,M356B21093C,1,280,280,$640.10,$179.23,$0.00,$0.00
Supplier,Ogden Newspapers,Webster City,3/11/26,,,OVOL USA,6410033202614,Newsprint,Kap Paper Newsprint,45 ,533.00 mm,M356B21092H,1,276,276,$640.10,$176.67,$0.00,$0.00
Supplier,Ogden Newspapers,Webster City,3/11/26,,,OVOL USA,6410033202614,Newsprint,Kap Paper Newsprint,45 ,533.00 mm,M356B21092G,1,277,277,$640.10,$177.31,$0.00,$0.00
Supplier,Ogden Newspapers,Webster City,3/11/26,,,OVOL USA,6410033202614,Newsprint,Kap Paper Newsprint,45 ,533.00 mm,M356B21092F,1,274,274,$640.10,$175.39,$0.00,$0.00
Supplier,Ogden Newspapers,Webster City,3/11/26,,,OVOL USA,6410033202614,Newsprint,Kap Paper Newsprint,45 ,533.00 mm,M356B21092E,1,275,275,$640.10,$176.03,$0.00,$0.00
Supplier,Ogden Newspapers,Webster City,3/11/26,,,OVOL USA,6410033202614,Newsprint,Kap Paper Newsprint,45 ,533.00 mm,M356B21092D,1,277,277,$640.10,$177.31,$0.00,$0.00
Supplier,Ogden Newspapers,Webster City,3/11/26,,,OVOL USA,6410033202614,Newsprint,Kap Paper Newsprint,45 ,533.00 mm,M356B21092C,1,278,278,$640.10,$177.95,$0.00,$0.00
Supplier,Ogden Newspapers,Webster City,3/11/26,,,OVOL USA,6410033202614,Newsprint,Kap Paper Newsprint,45 ,533.00 mm,M356B21083J,1,272,272,$640.10,$174.11,$0.00,$0.00
Supplier,Ogden Newspapers,Webster City,3/11/26,,,OVOL USA,6410033202614,Newsprint,Kap Paper Newsprint,45 ,533.00 mm,M356B21083G,1,273,273,$640.10,$174.75,$0.00,$0.00
Supplier,Ogden Newspapers,Webster City,3/11/26,,,OVOL USA,6410033202614,Newsprint,Kap Paper Newsprint,45 ,533.00 mm,M356B21083F,1,270,270,$640.10,$172.83,$0.00,$0.00
Supplier,Ogden Newspapers,Webster City,3/11/26,,,OVOL USA,6410033202614,Newsprint,Kap Paper Newsprint,45 ,533.00 mm,M356B21083E,1,270,270,$640.10,$172.83,$0.00,$0.00
Supplier,Ogden Newspapers,Webster City,3/11/26,,,OVOL USA,6410033202614,Newsprint,Kap Paper Newsprint,45 ,533.00 mm,M356B21082H,1,277,277,$640.10,$177.31,$0.00,$0.00
Supplier,Ogden Newspapers,Webster City,3/11/26,,,OVOL USA,6410033202614,Newsprint,Kap Paper Newsprint,45 ,533.00 mm,M356B21082G,1,277,277,$640.10,$177.31,$0.00,$0.00
Supplier,Ogden Newspapers,Webster City,3/11/26,,,OVOL USA,6410033202614,Newsprint,Kap Paper Newsprint,45 ,533.00 mm,M356B21082F,1,273,273,$640.10,$174.75,$0.00,$0.00
Supplier,Ogden Newspapers,Webster City,3/11/26,,,OVOL USA,6410033202614,Newsprint,Kap Paper Newsprint,45 ,533.00 mm,M356B21082E,1,274,274,$640.10,$175.39,$0.00,$0.00
Supplier,Ogden Newspapers,Webster City,3/11/26,,,OVOL USA,6410033202614,Newsprint,Kap Paper Newsprint,45 ,533.00 mm,M356B21081H,1,277,277,$640.10,$177.31,$0.00,$0.00
Supplier,Ogden Newspapers,Webster City,3/11/26,,,OVOL USA,6410033202614,Newsprint,Kap Paper Newsprint,45 ,533.00 mm,M356B21081G,1,274,274,$640.10,$175.39,$0.00,$0.00
Supplier,Ogden Newspapers,Webster City,3/11/26,,,OVOL USA,6410033202614,Newsprint,Kap Paper Newsprint,45 ,533.00 mm,M356B21081E,1,275,275,$640.10,$176.03,$0.00,$0.00
Supplier,Ogden Newspapers,Webster City,3/11/26,,,OVOL USA,6410033202614,Newsprint,Kap Paper Newsprint,45 ,533.00 mm,M356B21074J,1,277,277,$640.10,$177.31,$0.00,$0.00
Supplier,Ogden Newspapers,Webster City,3/11/26,,,OVOL USA,6410033202614,Newsprint,Kap Paper Newsprint,45 ,533.00 mm,M356B21074H,1,278,278,$640.10,$177.95,$0.00,$0.00
Supplier,Ogden Newspapers,Webster City,3/11/26,,,OVOL USA,6410033202614,Newsprint,Kap Paper Newsprint,45 ,533.00 mm,M356B21074G,1,279,279,$640.10,$178.59,$0.00,$0.00
Supplier,Ogden Newspapers,Webster City,3/11/26,,,OVOL USA,6410033202614,Newsprint,Kap Paper Newsprint,45 ,533.00 mm,M356B21074F,1,274,274,$640.10,$175.39,$0.00,$0.00
Supplier,Ogden Newspapers,Webster City,3/11/26,,,OVOL USA,6410033202614,Newsprint,Kap Paper Newsprint,45 ,533.00 mm,M356B21074E,1,275,275,$640.10,$176.03,$0.00,$0.00
Supplier,Ogden Newspapers,Webster City,3/11/26,,,OVOL USA,6410033202614,Newsprint,Kap Paper Newsprint,45 ,533.00 mm,M356B21054K,1,281,281,$640.10,$179.87,$0.00,$0.00
Supplier,Ogden Newspapers,Webster City,3/11/26,,,OVOL USA,6410033202614,Newsprint,Kap Paper Newsprint,45 ,533.00 mm,M356B21054J,1,281,281,$640.10,$179.87,$0.00,$0.00
Supplier,Ogden Newspapers,Webster City,3/11/26,,,OVOL USA,6410033202614,Newsprint,Kap Paper Newsprint,45 ,533.00 mm,M356B21054H,1,278,278,$640.10,$177.95,$0.00,$0.00
Supplier,Ogden Newspapers,Webster City,3/11/26,,,OVOL USA,6410033202614,Newsprint,Kap Paper Newsprint,45 ,533.00 mm,M356B21054G,1,279,279,$640.10,$178.59,$0.00,$0.00
Supplier,Ogden Newspapers,Webster City,3/11/26,,,OVOL USA,6410033202614,Newsprint,Kap Paper Newsprint,45 ,533.00 mm,M356B21054F,1,277,277,$640.10,$177.31,$0.00,$0.00
Supplier,Ogden Newspapers,Webster City,3/11/26,,,OVOL USA,6410033202614,Newsprint,Kap Paper Newsprint,45 ,533.00 mm,M356B21054E,1,277,277,$640.10,$177.31,$0.00,$0.00
Supplier,Ogden Newspapers,Webster City,3/11/26,,,OVOL USA,6410033202614,Newsprint,Kap Paper Newsprint,45 ,533.00 mm,M356B21054D,1,280,280,$640.10,$179.23,$0.00,$0.00
Supplier,Ogden Newspapers,Webster City,3/11/26,,,OVOL USA,6410033202614,Newsprint,Kap Paper Newsprint,45 ,533.00 mm,M356B21054C,1,280,280,$640.10,$179.23,$0.00,$0.00
Supplier,Ogden Newspapers,Webster City,3/11/26,,,OVOL USA,6410033202614,Newsprint,Kap Paper Newsprint,45 ,533.00 mm,M356B21022J,1,276,276,$640.10,$176.67,$0.00,$0.00
Supplier,Ogden Newspapers,Webster City,3/11/26,,,OVOL USA,6410033202614,Newsprint,Kap Paper Newsprint,45 ,533.00 mm,M356B21022H,1,277,277,$640.10,$177.31,$0.00,$0.00
Supplier,Ogden Newspapers,Webster City,3/11/26,,,OVOL USA,6410033202614,Newsprint,Kap Paper Newsprint,45 ,533.00 mm,M356B21022G,1,277,277,$640.10,$177.31,$0.00,$0.00
Supplier,Ogden Newspapers,Webster City,3/11/26,,,OVOL USA,6410033202614,Newsprint,Kap Paper Newsprint,45 ,533.00 mm,M356B21022F,1,272,272,$640.10,$174.11,$0.00,$0.00
Supplier,Ogden Newspapers,Webster City,3/11/26,,,OVOL USA,6410033202614,Newsprint,Kap Paper Newsprint,45 ,533.00 mm,M356B21022E,1,273,273,$640.10,$174.75,$0.00,$0.00
Supplier,Ogden Newspapers,Webster City,3/11/26,,,OVOL USA,6410033202614,Newsprint,Kap Paper Newsprint,45 ,533.00 mm,M356B21021J,1,276,276,$640.10,$176.67,$0.00,$0.00
Supplier,Ogden Newspapers,Webster City,3/11/26,,,OVOL USA,6410033202614,Newsprint,Kap Paper Newsprint,45 ,533.00 mm,M356B21021H,1,274,274,$640.10,$175.39,$0.00,$0.00
Supplier,Ogden Newspapers,Webster City,3/11/26,,,OVOL USA,6410033202614,Newsprint,Kap Paper Newsprint,45 ,533.00 mm,M356B21021G,1,274,274,$640.10,$175.39,$0.00,$0.00
Supplier,Ogden Newspapers,Webster City,3/11/26,,,OVOL USA,6410033202614,Newsprint,Kap Paper Newsprint,45 ,533.00 mm,M356B21021F,1,269,269,$640.10,$172.19,$0.00,$0.00
Supplier,Ogden Newspapers,Webster City,3/11/26,,,OVOL USA,6410033202614,Newsprint,Kap Paper Newsprint,45 ,533.00 mm,M356B21021E,1,270,270,$640.10,$172.83,$0.00,$0.00
Supplier,Ogden Newspapers,Webster City,3/11/26,,,OVOL USA,6410033202614,Newsprint,Kap Paper Newsprint,45 ,533.00 mm,M356B20062G,1,267,267,$640.10,$170.91,$0.00,$0.00
Supplier,Ogden Newspapers,Webster City,3/11/26,,,OVOL USA,6410033202614,Newsprint,Kap Paper Newsprint,45 ,533.00 mm,M356B20062F,1,268,268,$640.10,$171.55,$0.00,$0.00
Supplier,Ogden Newspapers,Webster City,3/11/26,,,OVOL USA,6410033202614,Newsprint,Kap Paper Newsprint,45 ,533.00 mm,M356B20062D,1,272,272,$640.10,$174.11,$0.00,$0.00
Supplier,Ogden Newspapers,Webster City,3/11/26,,,OVOL USA,6410033202614,Newsprint,Kap Paper Newsprint,45 ,533.00 mm,M356B20062C,1,273,273,$640.10,$174.75,$0.00,$0.00
Supplier,Ogden Newspapers,Webster City,8/31/25,,,OVOL USA,64100442025094,Hi-Brite,Inland Brite 70,74 ,533.00 mm,IEP55H3017716,1,306,306,"$1,001.00",$306.31,$0.00,$0.00
Supplier,Ogden Newspapers,Webster City,8/31/25,,,OVOL USA,64100442025094,Hi-Brite,Inland Brite 70,74 ,533.00 mm,IEP55H3017690,1,309,309,"$1,001.00",$309.31,$0.00,$0.00
Supplier,Ogden Newspapers,Webster City,8/31/25,,,OVOL USA,64100442025094,Hi-Brite,Inland Brite 70,74 ,533.00 mm,IEP55H3017680,1,309,309,"$1,001.00",$309.31,$0.00,$0.00
Supplier,Ogden Newspapers,Webster City,8/31/25,,,OVOL USA,64100442025094,Hi-Brite,Inland Brite 70,74 ,533.00 mm,IEP55H3017634,1,311,311,"$1,001.00",$311.31,$0.00,$0.00
Supplier,Ogden Newspapers,Webster City,8/31/25,,,OVOL USA,64100442025094,Hi-Brite,Inland Brite 70,74 ,533.00 mm,IEP55H3017625,1,311,311,"$1,001.00",$311.31,$0.00,$0.00
Supplier,Ogden Newspapers,Webster City,8/31/25,,,OVOL USA,64100442025094,Hi-Brite,Inland Brite 70,74 ,533.00 mm,IEP55H3017616,1,306,306,"$1,001.00",$306.31,$0.00,$0.00
Supplier,Ogden Newspapers,Webster City,8/31/25,,,OVOL USA,64100442025094,Hi-Brite,Inland Brite 70,74 ,533.00 mm,IEP55H3017589,1,305,305,"$1,001.00",$305.31,$0.00,$0.00
Supplier,Ogden Newspapers,Webster City,8/31/25,,,OVOL USA,64100442025094,Hi-Brite,Inland Brite 70,74 ,533.00 mm,IEP55H3017580,1,306,306,"$1,001.00",$306.31,$0.00,$0.00
Supplier,Ogden Newspapers,Webster City,8/31/25,,,OVOL USA,64100442025094,Hi-Brite,Inland Brite 70,74 ,533.00 mm,IEP55H3017489,1,302,302,"$1,001.00",$302.30,$0.00,$0.00
Supplier,Ogden Newspapers,Webster City,8/31/25,,,OVOL USA,64100442025094,Hi-Brite,Inland Brite 70,74 ,533.00 mm,IEP55H3017480,1,302,302,"$1,001.00",$302.30,$0.00,$0.00
Supplier,Ogden Newspapers,Webster City,8/31/25,,,OVOL USA,64100442025094,Hi-Brite,Inland Brite 70,74 ,533.00 mm,IEP55H3017471,1,303,303,"$1,001.00",$303.30,$0.00,$0.00
Supplier,Ogden Newspapers,Webster City,8/31/25,,,OVOL USA,64100442025094,Hi-Brite,Inland Brite 70,74 ,533.00 mm,IEP55H3017461,1,303,303,"$1,001.00",$303.30,$0.00,$0.00
Supplier,Ogden Newspapers,Webster City,8/31/25,,,OVOL USA,64100442025094,Hi-Brite,Inland Brite 70,74 ,533.00 mm,IEP55H3017389,1,302,302,"$1,001.00",$302.30,$0.00,$0.00
Supplier,Ogden Newspapers,Webster City,8/31/25,,,OVOL USA,64100442025094,Hi-Brite,Inland Brite 70,74 ,533.00 mm,IEP55H3017380,1,303,303,"$1,001.00",$303.30,$0.00,$0.00
Supplier,Ogden Newspapers,Webster City,8/31/25,,,OVOL USA,64100442025094,Hi-Brite,Inland Brite 70,74 ,533.00 mm,IEP55H3017371,1,304,304,"$1,001.00",$304.30,$0.00,$0.00
Supplier,Ogden Newspapers,Webster City,8/31/25,,,OVOL USA,64100442025094,Hi-Brite,Inland Brite 70,74 ,533.00 mm,IEP55H3017361,1,304,304,"$1,001.00",$304.30,$0.00,$0.00
Supplier,Ogden Newspapers,Webster City,8/31/25,,,OVOL USA,64100442025094,Hi-Brite,Inland Brite 70,74 ,533.00 mm,IEP55H3017289,1,300,300,"$1,001.00",$300.30,$0.00,$0.00
Supplier,Ogden Newspapers,Webster City,8/31/25,,,OVOL USA,64100442025094,Hi-Brite,Inland Brite 70,74 ,533.00 mm,IEP55H3017280,1,301,301,"$1,001.00",$301.30,$0.00,$0.00
Supplier,Ogden Newspapers,Webster City,8/31/25,,,OVOL USA,64100442025094,Hi-Brite,Inland Brite 70,74 ,533.00 mm,IEP55H3017271,1,302,302,"$1,001.00",$302.30,$0.00,$0.00
Supplier,Ogden Newspapers,Webster City,8/31/25,,,OVOL USA,64100442025094,Hi-Brite,Inland Brite 70,74 ,533.00 mm,IEP55H3017261,1,302,302,"$1,001.00",$302.30,$0.00,$0.00
Supplier,Ogden Newspapers,Webster City,8/31/25,,,OVOL USA,64100442025094,Hi-Brite,Inland Brite 70,74 ,533.00 mm,IEP55H3017189,1,301,301,"$1,001.00",$301.30,$0.00,$0.00
Supplier,Ogden Newspapers,Webster City,8/31/25,,,OVOL USA,64100442025094,Hi-Brite,Inland Brite 70,74 ,533.00 mm,IEP55H3017180,1,301,301,"$1,001.00",$301.30,$0.00,$0.00
Supplier,Ogden Newspapers,Webster City,8/31/25,,,OVOL USA,64100442025094,Hi-Brite,Inland Brite 70,74 ,533.00 mm,IEP55H3017171,1,303,303,"$1,001.00",$303.30,$0.00,$0.00
Supplier,Ogden Newspapers,Webster City,8/31/25,,,OVOL USA,64100442025094,Hi-Brite,Inland Brite 70,74 ,533.00 mm,IEP55H3017161,1,303,303,"$1,001.00",$303.30,$0.00,$0.00
Supplier,Ogden Newspapers,Webster City,1/21/25,,,OVOL USA,64100932025012,Hi-Brite,KruBrite 80 Offset,51.8 ,533.00 mm,N3GA11K221C,1,283,283,$990.91,$280.43,$0.00,$0.00
Supplier,Ogden Newspapers,Webster City,1/21/25,,,OVOL USA,64100932025012,Hi-Brite,KruBrite 80 Offset,51.8 ,533.00 mm,N3GA11K221A,1,282,282,$990.91,$279.44,$0.00,$0.00
Supplier,Ogden Newspapers,Webster City,1/21/25,,,OVOL USA,64100932025012,Hi-Brite,KruBrite 80 Offset,51.8 ,533.00 mm,N3GA11K014D,1,286,286,$990.91,$283.40,$0.00,$0.00
Supplier,Ogden Newspapers,Webster City,1/21/25,,,OVOL USA,64100932025012,Hi-Brite,KruBrite 80 Offset,51.8 ,533.00 mm,N3GA11K014C,1,285,285,$990.91,$282.41,$0.00,$0.00
Supplier,Ogden Newspapers,Webster City,11/17/25,,,OVOL USA,64100932025102,Newsprint,Kruger Newsprint,45 ,533.00 mm,N30K23K011A,1,258,258,$614.55,$158.55,$0.00,$0.00
Supplier,Ogden Newspapers,Webster City,11/17/25,,,OVOL USA,64100932025102,Newsprint,Kruger Newsprint,45 ,533.00 mm,N30K23K0113,1,258,258,$614.55,$158.55,$0.00,$0.00
Supplier,Ogden Newspapers,Webster City,2/4/26,,,OVOL USA,64100932025122,Newsprint,Kruger Newsprint,45 ,533.00 mm,N30P03K183E,1,253,253,$639.76,$161.86,$0.00,$0.00
Supplier,Ogden Newspapers,Webster City,2/4/26,,,OVOL USA,64100932025122,Newsprint,Kruger Newsprint,45 ,533.00 mm,N30P03K183D,1,252,252,$639.76,$161.22,$0.00,$0.00
Supplier,Ogden Newspapers,Webster City,2/4/26,,,OVOL USA,64100932025122,Newsprint,Kruger Newsprint,45 ,533.00 mm,N30P03K176A,1,255,255,$639.76,$163.14,$0.00,$0.00
Supplier,Ogden Newspapers,Webster City,2/19/26,,,OVOL USA,64100932025123,Newsprint,Kruger Newsprint,45 ,533.00 mm,N30P18K166A,1,252,252,$639.76,$161.22,$0.00,$0.00
Supplier,Ogden Newspapers,Webster City,2/19/26,,,OVOL USA,64100932025123,Newsprint,Kruger Newsprint,45 ,533.00 mm,N30P18K1663,1,253,253,$639.76,$161.86,$0.00,$0.00
Supplier,Ogden Newspapers,Webster City,2/19/26,,,OVOL USA,64100932025123,Newsprint,Kruger Newsprint,45 ,533.00 mm,N30P18K165G,1,252,252,$639.76,$161.22,$0.00,$0.00
Supplier,Ogden Newspapers,Webster City,2/19/26,,,OVOL USA,64100932025123,Newsprint,Kruger Newsprint,45 ,533.00 mm,N30P18K165F,1,251,251,$639.76,$160.58,$0.00,$0.00
Supplier,Ogden Newspapers,Webster City,2/19/26,,,OVOL USA,64100932025123,Newsprint,Kruger Newsprint,45 ,533.00 mm,N30P18K165E,1,252,252,$639.76,$161.22,$0.00,$0.00
Supplier,Ogden Newspapers,Webster City,2/19/26,,,OVOL USA,64100932025123,Newsprint,Kruger Newsprint,45 ,533.00 mm,N30P18K165D,1,251,251,$639.76,$160.58,$0.00,$0.00
Supplier,Ogden Newspapers,Webster City,2/19/26,,,OVOL USA,64100932025123,Newsprint,Kruger Newsprint,45 ,533.00 mm,N30P18K165C,1,251,251,$639.76,$160.58,$0.00,$0.00
Supplier,Ogden Newspapers,Webster City,2/19/26,,,OVOL USA,64100932025123,Newsprint,Kruger Newsprint,45 ,533.00 mm,N30P18K165B,1,251,251,$639.76,$160.58,$0.00,$0.00
Supplier,Ogden Newspapers,Webster City,2/19/26,,,OVOL USA,64100932025123,Newsprint,Kruger Newsprint,45 ,533.00 mm,N30P18K165A,1,253,253,$639.76,$161.86,$0.00,$0.00
Supplier,Ogden Newspapers,Webster City,2/19/26,,,OVOL USA,64100932025123,Newsprint,Kruger Newsprint,45 ,533.00 mm,N30P18K1653,1,253,253,$639.76,$161.86,$0.00,$0.00
Supplier,Ogden Newspapers,Webster City,2/19/26,,,OVOL USA,64100932025123,Newsprint,Kruger Newsprint,45 ,533.00 mm,N30P18K164E,1,251,251,$639.76,$160.58,$0.00,$0.00
Supplier,Ogden Newspapers,Webster City,2/19/26,,,OVOL USA,64100932025123,Newsprint,Kruger Newsprint,45 ,533.00 mm,N30P18K164D,1,250,250,$639.76,$159.94,$0.00,$0.00
Supplier,Ogden Newspapers,Webster City,2/19/26,,,OVOL USA,64100932025123,Newsprint,Kruger Newsprint,45 ,533.00 mm,N30P18K164C,1,251,251,$639.76,$160.58,$0.00,$0.00
Supplier,Ogden Newspapers,Webster City,2/19/26,,,OVOL USA,64100932025123,Newsprint,Kruger Newsprint,45 ,533.00 mm,N30P18K164B,1,250,250,$639.76,$159.94,$0.00,$0.00
Supplier,Ogden Newspapers,Webster City,2/19/26,,,OVOL USA,64100932025123,Newsprint,Kruger Newsprint,45 ,533.00 mm,N30P18K164A,1,252,252,$639.76,$161.22,$0.00,$0.00
Supplier,Ogden Newspapers,Webster City,2/19/26,,,OVOL USA,64100932025123,Newsprint,Kruger Newsprint,45 ,533.00 mm,N30P18K1643,1,252,252,$639.76,$161.22,$0.00,$0.00
Supplier,Ogden Newspapers,Webster City,2/19/26,,,OVOL USA,64100932025123,Newsprint,Kruger Newsprint,45 ,533.00 mm,N30P18K163C,1,250,250,$639.76,$159.94,$0.00,$0.00
Supplier,Ogden Newspapers,Webster City,2/19/26,,,OVOL USA,64100932025123,Newsprint,Kruger Newsprint,45 ,533.00 mm,N30P18K163B,1,250,250,$639.76,$159.94,$0.00,$0.00
Supplier,Ogden Newspapers,Webster City,2/19/26,,,OVOL USA,64100932025123,Newsprint,Kruger Newsprint,45 ,533.00 mm,N30P18K163A,1,251,251,$639.76,$160.58,$0.00,$0.00
Supplier,Ogden Newspapers,Webster City,2/19/26,,,OVOL USA,64100932025123,Newsprint,Kruger Newsprint,45 ,533.00 mm,N30P18K1633,1,252,252,$639.76,$161.22,$0.00,$0.00
Supplier,Ogden Newspapers,Webster City,2/19/26,,,OVOL USA,64100932025123,Newsprint,Kruger Newsprint,45 ,533.00 mm,N30P18K161G,1,248,248,$639.76,$158.66,$0.00,$0.00
Supplier,Ogden Newspapers,Webster City,2/19/26,,,OVOL USA,64100932025123,Newsprint,Kruger Newsprint,45 ,533.00 mm,N30P18K161F,1,247,247,$639.76,$158.02,$0.00,$0.00
Supplier,Ogden Newspapers,Webster City,2/19/26,,,OVOL USA,64100932025123,Newsprint,Kruger Newsprint,45 ,533.00 mm,N30P18K161E,1,248,248,$639.76,$158.66,$0.00,$0.00
Supplier,Ogden Newspapers,Webster City,2/19/26,,,OVOL USA,64100932025123,Newsprint,Kruger Newsprint,45 ,533.00 mm,N30P18K161D,1,247,247,$639.76,$158.02,$0.00,$0.00
Supplier,Ogden Newspapers,Webster City,2/19/26,,,OVOL USA,64100932025123,Newsprint,Kruger Newsprint,45 ,533.00 mm,N30P18K161C,1,248,248,$639.76,$158.66,$0.00,$0.00
Supplier,Ogden Newspapers,Webster City,2/19/26,,,OVOL USA,64100932025123,Newsprint,Kruger Newsprint,45 ,533.00 mm,N30P18K161B,1,248,248,$639.76,$158.66,$0.00,$0.00
Supplier,Ogden Newspapers,Webster City,2/19/26,,,OVOL USA,64100932025123,Newsprint,Kruger Newsprint,45 ,533.00 mm,N30P18K161A,1,249,249,$639.76,$159.30,$0.00,$0.00
Supplier,Ogden Newspapers,Webster City,2/19/26,,,OVOL USA,64100932025123,Newsprint,Kruger Newsprint,45 ,533.00 mm,N30P18K1613,1,250,250,$639.76,$159.94,$0.00,$0.00
Supplier,Ogden Newspapers,Webster City,1/21/26,,,OVOL USA,6410093202615,Hi-Brite,KruBrite 80 Offset,51.8 ,533.00 mm,N3GN15K023F,1,293,293,$990.91,$290.34,$0.00,$0.00
Supplier,Ogden Newspapers,Webster City,1/21/26,,,OVOL USA,6410093202615,Hi-Brite,KruBrite 80 Offset,51.8 ,533.00 mm,N3GN15K023E,1,292,292,$990.91,$289.35,$0.00,$0.00
Supplier,Ogden Newspapers,Webster City,1/21/26,,,OVOL USA,6410093202615,Hi-Brite,KruBrite 80 Offset,51.8 ,533.00 mm,N3GN15K022F,1,292,292,$990.91,$289.35,$0.00,$0.00
Supplier,Ogden Newspapers,Webster City,1/21/26,,,OVOL USA,6410093202615,Hi-Brite,KruBrite 80 Offset,51.8 ,533.00 mm,N3GN15K022E,1,292,292,$990.91,$289.35,$0.00,$0.00
Supplier,Ogden Newspapers,Webster City,1/21/26,,,OVOL USA,6410093202615,Hi-Brite,KruBrite 80 Offset,51.8 ,533.00 mm,N3GN15K021F,1,292,292,$990.91,$289.35,$0.00,$0.00
Supplier,Ogden Newspapers,Webster City,1/21/26,,,OVOL USA,6410093202615,Hi-Brite,KruBrite 80 Offset,51.8 ,533.00 mm,N3GN15K021E,1,291,291,$990.91,$288.35,$0.00,$0.00
Supplier,Ogden Newspapers,Webster City,1/21/26,,,OVOL USA,6410093202615,Hi-Brite,KruBrite 80 Offset,51.8 ,533.00 mm,N3GN15K014F,1,290,290,$990.91,$287.36,$0.00,$0.00
Supplier,Ogden Newspapers,Webster City,1/21/26,,,OVOL USA,6410093202615,Hi-Brite,KruBrite 80 Offset,51.8 ,533.00 mm,N3GN15K014E,1,290,290,$990.91,$287.36,$0.00,$0.00
Supplier,Ogden Newspapers,Webster City,1/21/26,,,OVOL USA,6410093202615,Hi-Brite,KruBrite 80 Offset,51.8 ,533.00 mm,N3GN15K013F,1,291,291,$990.91,$288.35,$0.00,$0.00
Supplier,Ogden Newspapers,Webster City,1/21/26,,,OVOL USA,6410093202615,Hi-Brite,KruBrite 80 Offset,51.8 ,533.00 mm,N3GN15K013E,1,291,291,$990.91,$288.35,$0.00,$0.00
Supplier,Ogden Newspapers,Webster City,1/21/26,,,OVOL USA,6410093202615,Hi-Brite,KruBrite 80 Offset,51.8 ,533.00 mm,N3GN15K012F,1,291,291,$990.91,$288.35,$0.00,$0.00
Supplier,Ogden Newspapers,Webster City,1/21/26,,,OVOL USA,6410093202615,Hi-Brite,KruBrite 80 Offset,51.8 ,533.00 mm,N3GN15K012E,1,290,290,$990.91,$287.36,$0.00,$0.00
Supplier,Ogden Newspapers,Webster City,1/21/26,,,OVOL USA,6410093202615,Hi-Brite,KruBrite 80 Offset,51.8 ,533.00 mm,N3GN14K241F,1,288,288,$990.91,$285.38,$0.00,$0.00
Supplier,Ogden Newspapers,Webster City,1/21/26,,,OVOL USA,6410093202615,Hi-Brite,KruBrite 80 Offset,51.8 ,533.00 mm,N3GN14K241E,1,288,288,$990.91,$285.38,$0.00,$0.00
Supplier,Ogden Newspapers,Webster City,1/21/26,,,OVOL USA,6410093202615,Hi-Brite,KruBrite 80 Offset,51.8 ,533.00 mm,N3GN14K221F,1,287,287,$990.91,$284.39,$0.00,$0.00
Supplier,Ogden Newspapers,Webster City,1/21/26,,,OVOL USA,6410093202615,Hi-Brite,KruBrite 80 Offset,51.8 ,533.00 mm,N3GN14K221E,1,286,286,$990.91,$283.40,$0.00,$0.00
Supplier,Ogden Newspapers,Webster City,1/21/26,,,OVOL USA,6410093202615,Hi-Brite,KruBrite 80 Offset,51.8 ,533.00 mm,N3GN14K136F,1,274,274,$990.91,$271.51,$0.00,$0.00
Supplier,Ogden Newspapers,Webster City,1/21/26,,,OVOL USA,6410093202615,Hi-Brite,KruBrite 80 Offset,51.8 ,533.00 mm,N3GN14K136E,1,273,273,$990.91,$270.52,$0.00,$0.00
Supplier,Ogden Newspapers,Webster City,1/21/26,,,OVOL USA,6410093202615,Hi-Brite,KruBrite 80 Offset,51.8 ,533.00 mm,N3GN14K135F,1,274,274,$990.91,$271.51,$0.00,$0.00
Supplier,Ogden Newspapers,Webster City,1/21/26,,,OVOL USA,6410093202615,Hi-Brite,KruBrite 80 Offset,51.8 ,533.00 mm,N3GN14K135E,1,274,274,$990.91,$271.51,$0.00,$0.00
Supplier,Ogden Newspapers,Webster City,1/21/26,,,OVOL USA,6410093202615,Hi-Brite,KruBrite 80 Offset,51.8 ,533.00 mm,N3GN14K134F,1,274,274,$990.91,$271.51,$0.00,$0.00
Supplier,Ogden Newspapers,Webster City,1/21/26,,,OVOL USA,6410093202615,Hi-Brite,KruBrite 80 Offset,51.8 ,533.00 mm,N3GN14K134E,1,274,274,$990.91,$271.51,$0.00,$0.00
Supplier,Ogden Newspapers,Webster City,1/21/26,,,OVOL USA,6410093202615,Hi-Brite,KruBrite 80 Offset,51.8 ,533.00 mm,N3GN14K133F,1,282,282,$990.91,$279.44,$0.00,$0.00
Supplier,Ogden Newspapers,Webster City,1/21/26,,,OVOL USA,6410093202615,Hi-Brite,KruBrite 80 Offset,51.8 ,533.00 mm,N3GN14K133E,1,281,281,$990.91,$278.45,$0.00,$0.00
Supplier,Ogden Newspapers,Webster City,1/21/26,,,OVOL USA,6410093202615,Hi-Brite,KruBrite 80 Offset,51.8 ,533.00 mm,N3GN14K132F,1,287,287,$990.91,$284.39,$0.00,$0.00
Supplier,Ogden Newspapers,Webster City,1/21/26,,,OVOL USA,6410093202615,Hi-Brite,KruBrite 80 Offset,51.8 ,533.00 mm,N3GN14K132E,1,287,287,$990.91,$284.39,$0.00,$0.00
Supplier,Ogden Newspapers,Webster City,1/21/26,,,OVOL USA,6410093202615,Hi-Brite,KruBrite 80 Offset,51.8 ,533.00 mm,N3GN14K131F,1,289,289,$990.91,$286.37,$0.00,$0.00
Supplier,Ogden Newspapers,Webster City,1/21/26,,,OVOL USA,6410093202615,Hi-Brite,KruBrite 80 Offset,51.8 ,533.00 mm,N3GN14K131E,1,288,288,$990.91,$285.38,$0.00,$0.00
Supplier,Ogden Newspapers,Webster City,1/21/26,,,OVOL USA,6410093202615,Hi-Brite,KruBrite 80 Offset,51.8 ,533.00 mm,N3GN14K126F,1,288,288,$990.91,$285.38,$0.00,$0.00
Supplier,Ogden Newspapers,Webster City,1/21/26,,,OVOL USA,6410093202615,Hi-Brite,KruBrite 80 Offset,51.8 ,533.00 mm,N3GN14K126E,1,287,287,$990.91,$284.39,$0.00,$0.00
Supplier,Ogden Newspapers,Webster City,3/4/26,,,OVOL USA,6410093202621,Newsprint,Kruger Newsprint,45 ,533.00 mm,N30Q01K214G,1,256,256,$667.87,$170.97,$0.00,$0.00
Supplier,Ogden Newspapers,Webster City,3/4/26,,,OVOL USA,6410093202621,Newsprint,Kruger Newsprint,45 ,533.00 mm,N30Q01K214F,1,256,256,$667.87,$170.97,$0.00,$0.00
Supplier,Ogden Newspapers,Webster City,3/4/26,,,OVOL USA,6410093202621,Newsprint,Kruger Newsprint,45 ,533.00 mm,N30Q01K213H,1,255,255,$667.87,$170.31,$0.00,$0.00
Supplier,Ogden Newspapers,Webster City,3/4/26,,,OVOL USA,6410093202621,Newsprint,Kruger Newsprint,45 ,533.00 mm,N30Q01K213G,1,255,255,$667.87,$170.31,$0.00,$0.00
Supplier,Ogden Newspapers,Webster City,3/4/26,,,OVOL USA,6410093202621,Newsprint,Kruger Newsprint,45 ,533.00 mm,N30Q01K213F,1,255,255,$667.87,$170.31,$0.00,$0.00
Supplier,Ogden Newspapers,Webster City,3/4/26,,,OVOL USA,6410093202621,Newsprint,Kruger Newsprint,45 ,533.00 mm,N30Q01K2134,1,256,256,$667.87,$170.97,$0.00,$0.00
Supplier,Ogden Newspapers,Webster City,3/4/26,,,OVOL USA,6410093202621,Newsprint,Kruger Newsprint,45 ,533.00 mm,N30Q01K212H,1,253,253,$667.87,$168.97,$0.00,$0.00
Supplier,Ogden Newspapers,Webster City,3/4/26,,,OVOL USA,6410093202621,Newsprint,Kruger Newsprint,45 ,533.00 mm,N30Q01K212G,1,255,255,$667.87,$170.31,$0.00,$0.00
Supplier,Ogden Newspapers,Webster City,3/4/26,,,OVOL USA,6410093202621,Newsprint,Kruger Newsprint,45 ,533.00 mm,N30Q01K212F,1,255,255,$667.87,$170.31,$0.00,$0.00
Supplier,Ogden Newspapers,Webster City,3/4/26,,,OVOL USA,6410093202621,Newsprint,Kruger Newsprint,45 ,533.00 mm,N30Q01K2124,1,254,254,$667.87,$169.64,$0.00,$0.00
Supplier,Ogden Newspapers,Webster City,3/4/26,,,OVOL USA,6410093202621,Newsprint,Kruger Newsprint,45 ,533.00 mm,N30Q01K211H,1,254,254,$667.87,$169.64,$0.00,$0.00
Supplier,Ogden Newspapers,Webster City,3/4/26,,,OVOL USA,6410093202621,Newsprint,Kruger Newsprint,45 ,533.00 mm,N30Q01K211G,1,255,255,$667.87,$170.31,$0.00,$0.00
Supplier,Ogden Newspapers,Webster City,3/4/26,,,OVOL USA,6410093202621,Newsprint,Kruger Newsprint,45 ,533.00 mm,N30Q01K211F,1,254,254,$667.87,$169.64,$0.00,$0.00
Supplier,Ogden Newspapers,Webster City,3/4/26,,,OVOL USA,6410093202621,Newsprint,Kruger Newsprint,45 ,533.00 mm,N30Q01K2114,1,254,254,$667.87,$169.64,$0.00,$0.00
Supplier,Ogden Newspapers,Webster City,3/4/26,,,OVOL USA,6410093202621,Newsprint,Kruger Newsprint,45 ,533.00 mm,N30Q01K206H,1,257,257,$667.87,$171.64,$0.00,$0.00
Supplier,Ogden Newspapers,Webster City,3/4/26,,,OVOL USA,6410093202621,Newsprint,Kruger Newsprint,45 ,533.00 mm,N30Q01K206G,1,258,258,$667.87,$172.31,$0.00,$0.00
Supplier,Ogden Newspapers,Webster City,3/4/26,,,OVOL USA,6410093202621,Newsprint,Kruger Newsprint,45 ,533.00 mm,N30Q01K206F,1,257,257,$667.87,$171.64,$0.00,$0.00
Supplier,Ogden Newspapers,Webster City,3/4/26,,,OVOL USA,6410093202621,Newsprint,Kruger Newsprint,45 ,533.00 mm,N30Q01K2064,1,258,258,$667.87,$172.31,$0.00,$0.00
Supplier,Ogden Newspapers,Webster City,3/4/26,,,OVOL USA,6410093202621,Newsprint,Kruger Newsprint,45 ,533.00 mm,N30Q01K205H,1,256,256,$667.87,$170.97,$0.00,$0.00
Supplier,Ogden Newspapers,Webster City,3/4/26,,,OVOL USA,6410093202621,Newsprint,Kruger Newsprint,45 ,533.00 mm,N30Q01K205G,1,256,256,$667.87,$170.97,$0.00,$0.00
Supplier,Ogden Newspapers,Webster City,3/4/26,,,OVOL USA,6410093202621,Newsprint,Kruger Newsprint,45 ,533.00 mm,N30Q01K205F,1,256,256,$667.87,$170.97,$0.00,$0.00
Supplier,Ogden Newspapers,Webster City,3/4/26,,,OVOL USA,6410093202621,Newsprint,Kruger Newsprint,45 ,533.00 mm,N30Q01K2054,1,257,257,$667.87,$171.64,$0.00,$0.00
Supplier,Ogden Newspapers,Webster City,3/4/26,,,OVOL USA,6410093202621,Newsprint,Kruger Newsprint,45 ,533.00 mm,N30Q01K204H,1,256,256,$667.87,$170.97,$0.00,$0.00
Supplier,Ogden Newspapers,Webster City,3/4/26,,,OVOL USA,6410093202621,Newsprint,Kruger Newsprint,45 ,533.00 mm,N30Q01K204G,1,256,256,$667.87,$170.97,$0.00,$0.00
Supplier,Ogden Newspapers,Webster City,3/4/26,,,OVOL USA,6410093202621,Newsprint,Kruger Newsprint,45 ,533.00 mm,N30Q01K204F,1,256,256,$667.87,$170.97,$0.00,$0.00
Supplier,Ogden Newspapers,Webster City,3/4/26,,,OVOL USA,6410093202621,Newsprint,Kruger Newsprint,45 ,533.00 mm,N30Q01K2044,1,256,256,$667.87,$170.97,$0.00,$0.00
Supplier,Ogden Newspapers,Webster City,3/4/26,,,OVOL USA,6410093202621,Newsprint,Kruger Newsprint,45 ,533.00 mm,N30Q01K203H,1,255,255,$667.87,$170.31,$0.00,$0.00
Supplier,Ogden Newspapers,Webster City,3/4/26,,,OVOL USA,6410093202621,Newsprint,Kruger Newsprint,45 ,533.00 mm,N30Q01K203G,1,256,256,$667.87,$170.97,$0.00,$0.00
Supplier,Ogden Newspapers,Webster City,3/4/26,,,OVOL USA,6410093202621,Newsprint,Kruger Newsprint,45 ,533.00 mm,N30Q01K203F,1,256,256,$667.87,$170.97,$0.00,$0.00
Supplier,Ogden Newspapers,Webster City,3/4/26,,,OVOL USA,6410093202621,Newsprint,Kruger Newsprint,45 ,533.00 mm,N30Q01K2034,1,256,256,$667.87,$170.97,$0.00,$0.00
Supplier,Ogden Newspapers,Webster City,3/4/26,,,OVOL USA,6410093202621,Newsprint,Kruger Newsprint,45 ,533.00 mm,N30Q01K202H,1,255,255,$667.87,$170.31,$0.00,$0.00
Supplier,Ogden Newspapers,Webster City,3/4/26,,,OVOL USA,6410093202621,Newsprint,Kruger Newsprint,45 ,533.00 mm,N30Q01K202G,1,255,255,$667.87,$170.31,$0.00,$0.00
Supplier,Ogden Newspapers,Webster City,3/4/26,,,OVOL USA,6410093202621,Newsprint,Kruger Newsprint,45 ,533.00 mm,N30Q01K202F,1,255,255,$667.87,$170.31,$0.00,$0.00
Supplier,Ogden Newspapers,Webster City,3/4/26,,,OVOL USA,6410093202621,Newsprint,Kruger Newsprint,45 ,533.00 mm,N30Q01K2024,1,255,255,$667.87,$170.31,$0.00,$0.00
Supplier,Ogden Newspapers,Webster City,3/4/26,,,OVOL USA,6410093202621,Newsprint,Kruger Newsprint,45 ,533.00 mm,N30Q01K201H,1,254,254,$667.87,$169.64,$0.00,$0.00
Supplier,Ogden Newspapers,Webster City,3/4/26,,,OVOL USA,6410093202621,Newsprint,Kruger Newsprint,45 ,533.00 mm,N30Q01K201G,1,254,254,$667.87,$169.64,$0.00,$0.00
Supplier,Ogden Newspapers,Webster City,3/4/26,,,OVOL USA,6410093202621,Newsprint,Kruger Newsprint,45 ,533.00 mm,N30Q01K201F,1,254,254,$667.87,$169.64,$0.00,$0.00
Supplier,Ogden Newspapers,Webster City,3/4/26,,,OVOL USA,6410093202621,Newsprint,Kruger Newsprint,45 ,533.00 mm,N30Q01K2014,1,255,255,$667.87,$170.31,$0.00,$0.00
Supplier,Ogden Newspapers,Webster City,3/4/26,,,OVOL USA,6410093202621,Newsprint,Kruger Newsprint,45 ,533.00 mm,N30Q01K196H,1,254,254,$667.87,$169.64,$0.00,$0.00
Supplier,Ogden Newspapers,Webster City,3/4/26,,,OVOL USA,6410093202621,Newsprint,Kruger Newsprint,45 ,533.00 mm,N30Q01K196G,1,255,255,$667.87,$170.31,$0.00,$0.00
Supplier,Ogden Newspapers,Webster City,3/4/26,,,OVOL USA,6410093202621,Newsprint,Kruger Newsprint,45 ,533.00 mm,N30Q01K196F,1,255,255,$667.87,$170.31,$0.00,$0.00
Supplier,Ogden Newspapers,Webster City,3/4/26,,,OVOL USA,6410093202621,Newsprint,Kruger Newsprint,45 ,533.00 mm,N30Q01K1964,1,255,255,$667.87,$170.31,$0.00,$0.00
Supplier,Ogden Newspapers,Webster City,3/4/26,,,OVOL USA,6410093202621,Newsprint,Kruger Newsprint,45 ,533.00 mm,N30Q01K195H,1,254,254,$667.87,$169.64,$0.00,$0.00
Supplier,Ogden Newspapers,Webster City,3/4/26,,,OVOL USA,6410093202621,Newsprint,Kruger Newsprint,45 ,533.00 mm,N30Q01K195G,1,254,254,$667.87,$169.64,$0.00,$0.00
Supplier,Ogden Newspapers,Webster City,3/4/26,,,OVOL USA,6410093202621,Newsprint,Kruger Newsprint,45 ,533.00 mm,N30Q01K195F,1,254,254,$667.87,$169.64,$0.00,$0.00
Supplier,Ogden Newspapers,Webster City,3/4/26,,,OVOL USA,6410093202621,Newsprint,Kruger Newsprint,45 ,533.00 mm,N30Q01K1954,1,254,254,$667.87,$169.64,$0.00,$0.00
Supplier,Ogden Newspapers,Webster City,3/4/26,,,OVOL USA,6410093202621,Newsprint,Kruger Newsprint,45 ,533.00 mm,N30Q01K194H,1,253,253,$667.87,$168.97,$0.00,$0.00
Supplier,Ogden Newspapers,Webster City,3/4/26,,,OVOL USA,6410093202621,Newsprint,Kruger Newsprint,45 ,533.00 mm,N30Q01K194G,1,254,254,$667.87,$169.64,$0.00,$0.00
Supplier,Ogden Newspapers,Webster City,3/4/26,,,OVOL USA,6410093202621,Newsprint,Kruger Newsprint,45 ,533.00 mm,N30Q01K194F,1,254,254,$667.87,$169.64,$0.00,$0.00
Supplier,Ogden Newspapers,Webster City,3/4/26,,,OVOL USA,6410093202621,Newsprint,Kruger Newsprint,45 ,533.00 mm,N30Q01K1944,1,254,254,$667.87,$169.64,$0.00,$0.00
Supplier,Ogden Newspapers,Webster City,3/4/26,,,OVOL USA,6410093202621,Newsprint,Kruger Newsprint,45 ,533.00 mm,N30Q01K193H,1,254,254,$667.87,$169.64,$0.00,$0.00
Supplier,Ogden Newspapers,Webster City,3/4/26,,,OVOL USA,6410093202621,Newsprint,Kruger Newsprint,45 ,533.00 mm,N30Q01K193G,1,254,254,$667.87,$169.64,$0.00,$0.00
Supplier,Ogden Newspapers,Webster City,3/4/26,,,OVOL USA,6410093202621,Newsprint,Kruger Newsprint,45 ,533.00 mm,N30Q01K193F,1,254,254,$667.87,$169.64,$0.00,$0.00
Supplier,Ogden Newspapers,Webster City,3/4/26,,,OVOL USA,6410093202621,Newsprint,Kruger Newsprint,45 ,533.00 mm,N30Q01K1934,1,254,254,$667.87,$169.64,$0.00,$0.00
Supplier,Ogden Newspapers,Webster City,3/4/26,,,OVOL USA,6410093202621,Newsprint,Kruger Newsprint,45 ,533.00 mm,N30Q01K192H,1,253,253,$667.87,$168.97,$0.00,$0.00
Supplier,Ogden Newspapers,Webster City,3/4/26,,,OVOL USA,6410093202621,Newsprint,Kruger Newsprint,45 ,533.00 mm,N30Q01K192G,1,254,254,$667.87,$169.64,$0.00,$0.00
Supplier,Ogden Newspapers,Webster City,3/4/26,,,OVOL USA,6410093202621,Newsprint,Kruger Newsprint,45 ,533.00 mm,N30Q01K192F,1,253,253,$667.87,$168.97,$0.00,$0.00
Supplier,Ogden Newspapers,Webster City,3/4/26,,,OVOL USA,6410093202621,Newsprint,Kruger Newsprint,45 ,533.00 mm,N30Q01K1924,1,254,254,$667.87,$169.64,$0.00,$0.00
Supplier,Ogden Newspapers,Webster City,3/4/26,,,OVOL USA,6410093202621,Newsprint,Kruger Newsprint,45 ,533.00 mm,N30Q01K191H,1,252,252,$667.87,$168.30,$0.00,$0.00
Supplier,Ogden Newspapers,Webster City,3/4/26,,,OVOL USA,6410093202621,Newsprint,Kruger Newsprint,45 ,533.00 mm,N30Q01K191G,1,253,253,$667.87,$168.97,$0.00,$0.00
Supplier,Ogden Newspapers,Webster City,3/4/26,,,OVOL USA,6410093202621,Newsprint,Kruger Newsprint,45 ,533.00 mm,N30Q01K191F,1,253,253,$667.87,$168.97,$0.00,$0.00
Supplier,Ogden Newspapers,Webster City,3/4/26,,,OVOL USA,6410093202621,Newsprint,Kruger Newsprint,45 ,533.00 mm,N30Q01K1914,1,253,253,$667.87,$168.97,$0.00,$0.00
Supplier,Ogden Newspapers,Webster City,3/4/26,,,OVOL USA,6410093202621,Newsprint,Kruger Newsprint,45 ,533.00 mm,N30Q01K186H,1,256,256,$667.87,$170.97,$0.00,$0.00
Supplier,Ogden Newspapers,Webster City,3/4/26,,,OVOL USA,6410093202621,Newsprint,Kruger Newsprint,45 ,533.00 mm,N30Q01K186G,1,258,258,$667.87,$172.31,$0.00,$0.00
Supplier,Ogden Newspapers,Webster City,3/4/26,,,OVOL USA,6410093202621,Newsprint,Kruger Newsprint,45 ,533.00 mm,N30Q01K186F,1,257,257,$667.87,$171.64,$0.00,$0.00
Supplier,Ogden Newspapers,Webster City,3/4/26,,,OVOL USA,6410093202621,Newsprint,Kruger Newsprint,45 ,533.00 mm,N30Q01K1864,1,257,257,$667.87,$171.64,$0.00,$0.00
Supplier,Ogden Newspapers,Webster City,3/4/26,,,OVOL USA,6410093202621,Newsprint,Kruger Newsprint,45 ,533.00 mm,N30Q01K185H,1,256,256,$667.87,$170.97,$0.00,$0.00
Supplier,Ogden Newspapers,Webster City,3/4/26,,,OVOL USA,6410093202621,Newsprint,Kruger Newsprint,45 ,533.00 mm,N30Q01K185G,1,256,256,$667.87,$170.97,$0.00,$0.00
Supplier,Ogden Newspapers,Webster City,3/4/26,,,OVOL USA,6410093202621,Newsprint,Kruger Newsprint,45 ,533.00 mm,N30Q01K185F,1,256,256,$667.87,$170.97,$0.00,$0.00
Supplier,Ogden Newspapers,Webster City,3/4/26,,,OVOL USA,6410093202621,Newsprint,Kruger Newsprint,45 ,533.00 mm,N30Q01K1854,1,256,256,$667.87,$170.97,$0.00,$0.00
Supplier,Ogden Newspapers,Webster City,3/4/26,,,OVOL USA,6410093202621,Newsprint,Kruger Newsprint,45 ,533.00 mm,N30Q01K184H,1,255,255,$667.87,$170.31,$0.00,$0.00
Supplier,Ogden Newspapers,Webster City,3/4/26,,,OVOL USA,6410093202621,Newsprint,Kruger Newsprint,45 ,533.00 mm,N30Q01K184G,1,255,255,$667.87,$170.31,$0.00,$0.00
Supplier,Ogden Newspapers,Webster City,3/4/26,,,OVOL USA,6410093202621,Newsprint,Kruger Newsprint,45 ,533.00 mm,N30Q01K184F,1,255,255,$667.87,$170.31,$0.00,$0.00
Supplier,Ogden Newspapers,Webster City,3/4/26,,,OVOL USA,6410093202621,Newsprint,Kruger Newsprint,45 ,533.00 mm,N30Q01K1844,1,255,255,$667.87,$170.31,$0.00,$0.00
Supplier,Ogden Newspapers,Webster City,3/4/26,,,OVOL USA,6410093202621,Newsprint,Kruger Newsprint,45 ,533.00 mm,N30Q01K183H,1,255,255,$667.87,$170.31,$0.00,$0.00
Supplier,Ogden Newspapers,Webster City,3/4/26,,,OVOL USA,6410093202621,Newsprint,Kruger Newsprint,45 ,533.00 mm,N30Q01K183G,1,256,256,$667.87,$170.97,$0.00,$0.00
Supplier,Ogden Newspapers,Webster City,3/4/26,,,OVOL USA,6410093202621,Newsprint,Kruger Newsprint,45 ,533.00 mm,N30Q01K183F,1,255,255,$667.87,$170.31,$0.00,$0.00
Supplier,Ogden Newspapers,Webster City,3/4/26,,,OVOL USA,6410093202621,Newsprint,Kruger Newsprint,45 ,533.00 mm,N30Q01K1834,1,255,255,$667.87,$170.31,$0.00,$0.00
Supplier,Ogden Newspapers,Webster City,4/2/26,,,OVOL USA,6410093202622,Newsprint,Kruger Newsprint,45 ,533.00 mm,N30R01K025F,1,253,253,$667.87,$168.97,$0.00,$0.00
Supplier,Ogden Newspapers,Webster City,4/2/26,,,OVOL USA,6410093202622,Newsprint,Kruger Newsprint,45 ,533.00 mm,N30R01K025E,1,253,253,$667.87,$168.97,$0.00,$0.00
Supplier,Ogden Newspapers,Webster City,4/2/26,,,OVOL USA,6410093202622,Newsprint,Kruger Newsprint,45 ,533.00 mm,N30R01K025A,1,251,251,$667.87,$167.64,$0.00,$0.00
Supplier,Ogden Newspapers,Webster City,4/2/26,,,OVOL USA,6410093202622,Newsprint,Kruger Newsprint,45 ,533.00 mm,N30R01K0253,1,252,252,$667.87,$168.30,$0.00,$0.00
Supplier,Ogden Newspapers,Webster City,4/2/26,,,OVOL USA,6410093202622,Newsprint,Kruger Newsprint,45 ,533.00 mm,N30R01K024H,1,253,253,$667.87,$168.97,$0.00,$0.00
Supplier,Ogden Newspapers,Webster City,4/2/26,,,OVOL USA,6410093202622,Newsprint,Kruger Newsprint,45 ,533.00 mm,N30R01K024G,1,252,252,$667.87,$168.30,$0.00,$0.00
Supplier,Ogden Newspapers,Webster City,4/2/26,,,OVOL USA,6410093202622,Newsprint,Kruger Newsprint,45 ,533.00 mm,N30R01K024F,1,251,251,$667.87,$167.64,$0.00,$0.00
Supplier,Ogden Newspapers,Webster City,4/2/26,,,OVOL USA,6410093202622,Newsprint,Kruger Newsprint,45 ,533.00 mm,N30R01K024E,1,250,250,$667.87,$166.97,$0.00,$0.00
Supplier,Ogden Newspapers,Webster City,4/2/26,,,OVOL USA,6410093202622,Newsprint,Kruger Newsprint,45 ,533.00 mm,N30R01K024D,1,252,252,$667.87,$168.30,$0.00,$0.00
Supplier,Ogden Newspapers,Webster City,4/2/26,,,OVOL USA,6410093202622,Newsprint,Kruger Newsprint,45 ,533.00 mm,N30R01K024C,1,251,251,$667.87,$167.64,$0.00,$0.00
Supplier,Ogden Newspapers,Webster City,4/2/26,,,OVOL USA,6410093202622,Newsprint,Kruger Newsprint,45 ,533.00 mm,N30R01K024A,1,250,250,$667.87,$166.97,$0.00,$0.00
Supplier,Ogden Newspapers,Webster City,4/2/26,,,OVOL USA,6410093202622,Newsprint,Kruger Newsprint,45 ,533.00 mm,N30R01K0243,1,251,251,$667.87,$167.64,$0.00,$0.00
Supplier,Ogden Newspapers,Webster City,4/2/26,,,OVOL USA,6410093202622,Newsprint,Kruger Newsprint,45 ,533.00 mm,N30R01K023H,1,251,251,$667.87,$167.64,$0.00,$0.00
Supplier,Ogden Newspapers,Webster City,4/2/26,,,OVOL USA,6410093202622,Newsprint,Kruger Newsprint,45 ,533.00 mm,N30R01K023G,1,251,251,$667.87,$167.64,$0.00,$0.00
Supplier,Ogden Newspapers,Webster City,4/2/26,,,OVOL USA,6410093202622,Newsprint,Kruger Newsprint,45 ,533.00 mm,N30R01K023F,1,251,251,$667.87,$167.64,$0.00,$0.00
Supplier,Ogden Newspapers,Webster City,4/2/26,,,OVOL USA,6410093202622,Newsprint,Kruger Newsprint,45 ,533.00 mm,N30R01K023E,1,250,250,$667.87,$166.97,$0.00,$0.00
Supplier,Ogden Newspapers,Webster City,4/2/26,,,OVOL USA,6410093202622,Newsprint,Kruger Newsprint,45 ,533.00 mm,N30R01K023D,1,251,251,$667.87,$167.64,$0.00,$0.00
Supplier,Ogden Newspapers,Webster City,4/2/26,,,OVOL USA,6410093202622,Newsprint,Kruger Newsprint,45 ,533.00 mm,N30R01K023C,1,250,250,$667.87,$166.97,$0.00,$0.00
Supplier,Ogden Newspapers,Webster City,4/2/26,,,OVOL USA,6410093202622,Newsprint,Kruger Newsprint,45 ,533.00 mm,N30R01K023A,1,249,249,$667.87,$166.30,$0.00,$0.00
Supplier,Ogden Newspapers,Webster City,4/2/26,,,OVOL USA,6410093202622,Newsprint,Kruger Newsprint,45 ,533.00 mm,N30R01K0233,1,249,249,$667.87,$166.30,$0.00,$0.00
Supplier,Ogden Newspapers,Webster City,4/2/26,,,OVOL USA,6410093202622,Newsprint,Kruger Newsprint,45 ,533.00 mm,N30R01K022H,1,251,251,$667.87,$167.64,$0.00,$0.00
Supplier,Ogden Newspapers,Webster City,4/2/26,,,OVOL USA,6410093202622,Newsprint,Kruger Newsprint,45 ,533.00 mm,N30R01K022G,1,251,251,$667.87,$167.64,$0.00,$0.00
Supplier,Ogden Newspapers,Webster City,4/2/26,,,OVOL USA,6410093202622,Newsprint,Kruger Newsprint,45 ,533.00 mm,N30R01K022F,1,251,251,$667.87,$167.64,$0.00,$0.00
Supplier,Ogden Newspapers,Webster City,4/2/26,,,OVOL USA,6410093202622,Newsprint,Kruger Newsprint,45 ,533.00 mm,N30R01K022E,1,251,251,$667.87,$167.64,$0.00,$0.00
Supplier,Ogden Newspapers,Webster City,4/2/26,,,OVOL USA,6410093202622,Newsprint,Kruger Newsprint,45 ,533.00 mm,N30R01K022D,1,250,250,$667.87,$166.97,$0.00,$0.00
Supplier,Ogden Newspapers,Webster City,4/2/26,,,OVOL USA,6410093202622,Newsprint,Kruger Newsprint,45 ,533.00 mm,N30R01K022C,1,250,250,$667.87,$166.97,$0.00,$0.00
Supplier,Ogden Newspapers,Webster City,4/2/26,,,OVOL USA,6410093202622,Newsprint,Kruger Newsprint,45 ,533.00 mm,N30R01K022A,1,249,249,$667.87,$166.30,$0.00,$0.00
Supplier,Ogden Newspapers,Webster City,4/2/26,,,OVOL USA,6410093202622,Newsprint,Kruger Newsprint,45 ,533.00 mm,N30R01K0223,1,249,249,$667.87,$166.30,$0.00,$0.00
Supplier,Ogden Newspapers,Webster City,4/2/26,,,OVOL USA,6410093202622,Newsprint,Kruger Newsprint,45 ,533.00 mm,N30R01K021H,1,249,249,$667.87,$166.30,$0.00,$0.00
Supplier,Ogden Newspapers,Webster City,4/2/26,,,OVOL USA,6410093202622,Newsprint,Kruger Newsprint,45 ,533.00 mm,N30R01K021G,1,248,248,$667.87,$165.63,$0.00,$0.00
Supplier,Ogden Newspapers,Webster City,4/2/26,,,OVOL USA,6410093202622,Newsprint,Kruger Newsprint,45 ,533.00 mm,N30R01K021F,1,249,249,$667.87,$166.30,$0.00,$0.00
Supplier,Ogden Newspapers,Webster City,4/2/26,,,OVOL USA,6410093202622,Newsprint,Kruger Newsprint,45 ,533.00 mm,N30R01K021E,1,248,248,$667.87,$165.63,$0.00,$0.00
Supplier,Ogden Newspapers,Webster City,4/2/26,,,OVOL USA,6410093202622,Newsprint,Kruger Newsprint,45 ,533.00 mm,N30R01K021D,1,248,248,$667.87,$165.63,$0.00,$0.00
Supplier,Ogden Newspapers,Webster City,4/2/26,,,OVOL USA,6410093202622,Newsprint,Kruger Newsprint,45 ,533.00 mm,N30R01K021C,1,247,247,$667.87,$164.96,$0.00,$0.00
Supplier,Ogden Newspapers,Webster City,4/2/26,,,OVOL USA,6410093202622,Newsprint,Kruger Newsprint,45 ,533.00 mm,N30R01K021A,1,246,246,$667.87,$164.30,$0.00,$0.00
Supplier,Ogden Newspapers,Webster City,4/2/26,,,OVOL USA,6410093202622,Newsprint,Kruger Newsprint,45 ,533.00 mm,N30R01K0213,1,247,247,$667.87,$164.96,$0.00,$0.00
Supplier,Ogden Newspapers,Webster City,4/2/26,,,OVOL USA,6410093202622,Newsprint,Kruger Newsprint,45 ,533.00 mm,N30R01K016H,1,256,256,$667.87,$170.97,$0.00,$0.00
Supplier,Ogden Newspapers,Webster City,4/2/26,,,OVOL USA,6410093202622,Newsprint,Kruger Newsprint,45 ,533.00 mm,N30R01K016G,1,255,255,$667.87,$170.31,$0.00,$0.00
Supplier,Ogden Newspapers,Webster City,4/2/26,,,OVOL USA,6410093202622,Newsprint,Kruger Newsprint,45 ,533.00 mm,N30R01K016F,1,255,255,$667.87,$170.31,$0.00,$0.00
Supplier,Ogden Newspapers,Webster City,4/2/26,,,OVOL USA,6410093202622,Newsprint,Kruger Newsprint,45 ,533.00 mm,N30R01K016E,1,255,255,$667.87,$170.31,$0.00,$0.00
Supplier,Ogden Newspapers,Webster City,4/2/26,,,OVOL USA,6410093202622,Newsprint,Kruger Newsprint,45 ,533.00 mm,N30R01K016D,1,254,254,$667.87,$169.64,$0.00,$0.00
Supplier,Ogden Newspapers,Webster City,4/2/26,,,OVOL USA,6410093202622,Newsprint,Kruger Newsprint,45 ,533.00 mm,N30R01K016C,1,254,254,$667.87,$169.64,$0.00,$0.00
Supplier,Ogden Newspapers,Webster City,4/2/26,,,OVOL USA,6410093202622,Newsprint,Kruger Newsprint,45 ,533.00 mm,N30R01K016A,1,253,253,$667.87,$168.97,$0.00,$0.00
Supplier,Ogden Newspapers,Webster City,4/2/26,,,OVOL USA,6410093202622,Newsprint,Kruger Newsprint,45 ,533.00 mm,N30R01K0163,1,253,253,$667.87,$168.97,$0.00,$0.00
Supplier,Ogden Newspapers,Webster City,4/2/26,,,OVOL USA,6410093202622,Newsprint,Kruger Newsprint,45 ,533.00 mm,N30R01K015H,1,253,253,$667.87,$168.97,$0.00,$0.00
Supplier,Ogden Newspapers,Webster City,4/2/26,,,OVOL USA,6410093202622,Newsprint,Kruger Newsprint,45 ,533.00 mm,N30R01K015G,1,252,252,$667.87,$168.30,$0.00,$0.00
Supplier,Ogden Newspapers,Webster City,4/2/26,,,OVOL USA,6410093202622,Newsprint,Kruger Newsprint,45 ,533.00 mm,N30R01K015F,1,253,253,$667.87,$168.97,$0.00,$0.00
Supplier,Ogden Newspapers,Webster City,4/2/26,,,OVOL USA,6410093202622,Newsprint,Kruger Newsprint,45 ,533.00 mm,N30R01K015E,1,253,253,$667.87,$168.97,$0.00,$0.00
Supplier,Ogden Newspapers,Webster City,4/2/26,,,OVOL USA,6410093202622,Newsprint,Kruger Newsprint,45 ,533.00 mm,N30R01K015D,1,252,252,$667.87,$168.30,$0.00,$0.00
Supplier,Ogden Newspapers,Webster City,4/2/26,,,OVOL USA,6410093202622,Newsprint,Kruger Newsprint,45 ,533.00 mm,N30R01K015C,1,252,252,$667.87,$168.30,$0.00,$0.00
Supplier,Ogden Newspapers,Webster City,4/2/26,,,OVOL USA,6410093202622,Newsprint,Kruger Newsprint,45 ,533.00 mm,N30R01K015A,1,250,250,$667.87,$166.97,$0.00,$0.00
Supplier,Ogden Newspapers,Webster City,4/2/26,,,OVOL USA,6410093202622,Newsprint,Kruger Newsprint,45 ,533.00 mm,N30R01K0153,1,251,251,$667.87,$167.64,$0.00,$0.00
Supplier,Ogden Newspapers,Webster City,4/2/26,,,OVOL USA,6410093202622,Newsprint,Kruger Newsprint,45 ,533.00 mm,N30R01K014H,1,252,252,$667.87,$168.30,$0.00,$0.00
Supplier,Ogden Newspapers,Webster City,4/2/26,,,OVOL USA,6410093202622,Newsprint,Kruger Newsprint,45 ,533.00 mm,N30R01K014G,1,252,252,$667.87,$168.30,$0.00,$0.00
Supplier,Ogden Newspapers,Webster City,4/2/26,,,OVOL USA,6410093202622,Newsprint,Kruger Newsprint,45 ,533.00 mm,N30R01K014F,1,252,252,$667.87,$168.30,$0.00,$0.00
Supplier,Ogden Newspapers,Webster City,4/2/26,,,OVOL USA,6410093202622,Newsprint,Kruger Newsprint,45 ,533.00 mm,N30R01K014E,1,251,251,$667.87,$167.64,$0.00,$0.00
Supplier,Ogden Newspapers,Webster City,4/2/26,,,OVOL USA,6410093202622,Newsprint,Kruger Newsprint,45 ,533.00 mm,N30R01K014D,1,251,251,$667.87,$167.64,$0.00,$0.00
Supplier,Ogden Newspapers,Webster City,4/2/26,,,OVOL USA,6410093202622,Newsprint,Kruger Newsprint,45 ,533.00 mm,N30R01K014C,1,251,251,$667.87,$167.64,$0.00,$0.00
Supplier,Ogden Newspapers,Webster City,4/2/26,,,OVOL USA,6410093202622,Newsprint,Kruger Newsprint,45 ,533.00 mm,N30R01K014A,1,249,249,$667.87,$166.30,$0.00,$0.00
Supplier,Ogden Newspapers,Webster City,4/2/26,,,OVOL USA,6410093202622,Newsprint,Kruger Newsprint,45 ,533.00 mm,N30R01K0143,1,250,250,$667.87,$166.97,$0.00,$0.00
Supplier,Ogden Newspapers,Webster City,4/2/26,,,OVOL USA,6410093202622,Newsprint,Kruger Newsprint,45 ,533.00 mm,N30R01K013D,1,250,250,$667.87,$166.97,$0.00,$0.00
Supplier,Ogden Newspapers,Webster City,4/2/26,,,OVOL USA,6410093202622,Newsprint,Kruger Newsprint,45 ,533.00 mm,N30R01K013C,1,249,249,$667.87,$166.30,$0.00,$0.00
Supplier,Ogden Newspapers,Webster City,4/2/26,,,OVOL USA,6410093202622,Newsprint,Kruger Newsprint,45 ,533.00 mm,N30R01K013B,1,249,249,$667.87,$166.30,$0.00,$0.00
Supplier,Ogden Newspapers,Webster City,4/2/26,,,OVOL USA,6410093202622,Newsprint,Kruger Newsprint,45 ,533.00 mm,N30R01K013A,1,249,249,$667.87,$166.30,$0.00,$0.00
Supplier,Ogden Newspapers,Webster City,4/2/26,,,OVOL USA,6410093202622,Newsprint,Kruger Newsprint,45 ,533.00 mm,N30R01K012D,1,250,250,$667.87,$166.97,$0.00,$0.00
Supplier,Ogden Newspapers,Webster City,4/2/26,,,OVOL USA,6410093202622,Newsprint,Kruger Newsprint,45 ,533.00 mm,N30R01K012C,1,249,249,$667.87,$166.30,$0.00,$0.00
Supplier,Ogden Newspapers,Webster City,4/2/26,,,OVOL USA,6410093202622,Newsprint,Kruger Newsprint,45 ,533.00 mm,N30R01K012B,1,249,249,$667.87,$166.30,$0.00,$0.00
Supplier,Ogden Newspapers,Webster City,4/2/26,,,OVOL USA,6410093202622,Newsprint,Kruger Newsprint,45 ,533.00 mm,N30R01K012A,1,248,248,$667.87,$165.63,$0.00,$0.00
Supplier,Ogden Newspapers,Webster City,4/2/26,,,OVOL USA,6410093202622,Newsprint,Kruger Newsprint,45 ,533.00 mm,N30R01K011D,1,248,248,$667.87,$165.63,$0.00,$0.00
Supplier,Ogden Newspapers,Webster City,4/2/26,,,OVOL USA,6410093202622,Newsprint,Kruger Newsprint,45 ,533.00 mm,N30R01K011C,1,247,247,$667.87,$164.96,$0.00,$0.00
Supplier,Ogden Newspapers,Webster City,4/2/26,,,OVOL USA,6410093202622,Newsprint,Kruger Newsprint,45 ,533.00 mm,N30R01K011B,1,247,247,$667.87,$164.96,$0.00,$0.00
Supplier,Ogden Newspapers,Webster City,4/2/26,,,OVOL USA,6410093202622,Newsprint,Kruger Newsprint,45 ,533.00 mm,N30R01K011A,1,246,246,$667.87,$164.30,$0.00,$0.00
Supplier,Ogden Newspapers,Webster City,4/2/26,,,OVOL USA,6410093202622,Newsprint,Kruger Newsprint,45 ,533.00 mm,N30Q31K246D,1,254,254,$667.87,$169.64,$0.00,$0.00
Supplier,Ogden Newspapers,Webster City,4/2/26,,,OVOL USA,6410093202622,Newsprint,Kruger Newsprint,45 ,533.00 mm,N30Q31K246C,1,254,254,$667.87,$169.64,$0.00,$0.00
Supplier,Ogden Newspapers,Webster City,4/2/26,,,OVOL USA,6410093202622,Newsprint,Kruger Newsprint,45 ,533.00 mm,N30Q31K246B,1,253,253,$667.87,$168.97,$0.00,$0.00
Supplier,Ogden Newspapers,Webster City,4/2/26,,,OVOL USA,6410093202622,Newsprint,Kruger Newsprint,45 ,533.00 mm,N30Q31K246A,1,252,252,$667.87,$168.30,$0.00,$0.00
Supplier,Ogden Newspapers,Webster City,4/2/26,,,OVOL USA,6410093202622,Newsprint,Kruger Newsprint,45 ,533.00 mm,N30Q31K245D,1,252,252,$667.87,$168.30,$0.00,$0.00
Supplier,Ogden Newspapers,Webster City,4/2/26,,,OVOL USA,6410093202622,Newsprint,Kruger Newsprint,45 ,533.00 mm,N30Q31K245C,1,252,252,$667.87,$168.30,$0.00,$0.00
Supplier,Ogden Newspapers,Webster City,4/2/26,,,OVOL USA,6410093202622,Newsprint,Kruger Newsprint,45 ,533.00 mm,N30Q31K245B,1,251,251,$667.87,$167.64,$0.00,$0.00
Supplier,Ogden Newspapers,Webster City,4/2/26,,,OVOL USA,6410093202622,Newsprint,Kruger Newsprint,45 ,533.00 mm,N30Q31K245A,1,251,251,$667.87,$167.64,$0.00,$0.00
Supplier,Ogden Newspapers,Webster City,4/10/26,,,OVOL USA,6410093202626,Newsprint,Kruger Newsprint,45 ,533.00 mm,N30R09K131D,1,250,250,$667.87,$166.97,$0.00,$0.00
Supplier,Ogden Newspapers,Webster City,4/10/26,,,OVOL USA,6410093202626,Newsprint,Kruger Newsprint,45 ,533.00 mm,N30R09K131C,1,250,250,$667.87,$166.97,$0.00,$0.00
Supplier,Ogden Newspapers,Webster City,4/10/26,,,OVOL USA,6410093202626,Newsprint,Kruger Newsprint,45 ,533.00 mm,N30R09K131B,1,249,249,$667.87,$166.30,$0.00,$0.00
Supplier,Ogden Newspapers,Webster City,4/10/26,,,OVOL USA,6410093202626,Newsprint,Kruger Newsprint,45 ,533.00 mm,N30R09K1313,1,248,248,$667.87,$165.63,$0.00,$0.00
Supplier,Ogden Newspapers,Webster City,4/10/26,,,OVOL USA,6410093202626,Newsprint,Kruger Newsprint,45 ,533.00 mm,N30R04K321B,1,250,250,$667.87,$166.97,$0.00,$0.00
Supplier,Ogden Newspapers,Webster City,4/10/26,,,OVOL USA,6410093202626,Newsprint,Kruger Newsprint,45 ,533.00 mm,N30R04K321A,1,249,249,$667.87,$166.30,$0.00,$0.00
Supplier,Ogden Newspapers,Webster City,4/10/26,,,OVOL USA,6410093202626,Newsprint,Kruger Newsprint,45 ,533.00 mm,N30R01K032D,1,249,249,$667.87,$166.30,$0.00,$0.00
Supplier,Ogden Newspapers,Webster City,4/10/26,,,OVOL USA,6410093202626,Newsprint,Kruger Newsprint,45 ,533.00 mm,N30R01K032C,1,249,249,$667.87,$166.30,$0.00,$0.00
Supplier,Ogden Newspapers,Webster City,4/10/26,,,OVOL USA,6410093202626,Newsprint,Kruger Newsprint,45 ,533.00 mm,N30R01K032B,1,248,248,$667.87,$165.63,$0.00,$0.00
Supplier,Ogden Newspapers,Webster City,4/10/26,,,OVOL USA,6410093202626,Newsprint,Kruger Newsprint,45 ,533.00 mm,N30R01K0323,1,247,247,$667.87,$164.96,$0.00,$0.00
Supplier,Ogden Newspapers,Webster City,4/10/26,,,OVOL USA,6410093202626,Newsprint,Kruger Newsprint,45 ,533.00 mm,N30R01K031B,1,246,246,$667.87,$164.30,$0.00,$0.00
Supplier,Ogden Newspapers,Webster City,4/10/26,,,OVOL USA,6410093202626,Newsprint,Kruger Newsprint,45 ,533.00 mm,N30R01K031A,1,250,250,$667.87,$166.97,$0.00,$0.00
Supplier,Ogden Newspapers,Webster City,4/10/26,,,OVOL USA,6410093202626,Newsprint,Kruger Newsprint,45 ,533.00 mm,N30R01K0313,1,245,245,$667.87,$163.63,$0.00,$0.00
Supplier,Ogden Newspapers,Webster City,4/10/26,,,OVOL USA,6410093202626,Newsprint,Kruger Newsprint,45 ,533.00 mm,N30R01K026D,1,255,255,$667.87,$170.31,$0.00,$0.00
Supplier,Ogden Newspapers,Webster City,4/10/26,,,OVOL USA,6410093202626,Newsprint,Kruger Newsprint,45 ,533.00 mm,N30R01K026C,1,254,254,$667.87,$169.64,$0.00,$0.00
Supplier,Ogden Newspapers,Webster City,4/10/26,,,OVOL USA,6410093202626,Newsprint,Kruger Newsprint,45 ,533.00 mm,N30R01K026B,1,253,253,$667.87,$168.97,$0.00,$0.00
Supplier,Ogden Newspapers,Webster City,4/10/26,,,OVOL USA,6410093202626,Newsprint,Kruger Newsprint,45 ,533.00 mm,N30R01K026A,1,249,249,$667.87,$166.30,$0.00,$0.00
Supplier,Ogden Newspapers,Webster City,4/10/26,,,OVOL USA,6410093202626,Newsprint,Kruger Newsprint,45 ,533.00 mm,N30R01K0263,1,253,253,$667.87,$168.97,$0.00,$0.00
Supplier,Ogden Newspapers,Webster City,4/10/26,,,OVOL USA,6410093202626,Newsprint,Kruger Newsprint,45 ,533.00 mm,N30R01K025H,1,253,253,$667.87,$168.97,$0.00,$0.00
Supplier,Ogden Newspapers,Webster City,4/10/26,,,OVOL USA,6410093202626,Newsprint,Kruger Newsprint,45 ,533.00 mm,N30R01K025G,1,253,253,$667.87,$168.97,$0.00,$0.00
Supplier,Ogden Newspapers,Webster City,4/10/26,,,OVOL USA,6410093202626,Newsprint,Kruger Newsprint,45 ,533.00 mm,N30R01K025D,1,253,253,$667.87,$168.97,$0.00,$0.00
Supplier,Ogden Newspapers,Webster City,4/10/26,,,OVOL USA,6410093202626,Newsprint,Kruger Newsprint,45 ,533.00 mm,N30R01K025C,1,252,252,$667.87,$168.30,$0.00,$0.00
Supplier,Ogden Newspapers,Webster City,4/10/26,,,OVOL USA,6410093202626,Newsprint,Kruger Newsprint,45 ,533.00 mm,N30Q31K244A,1,250,250,$667.87,$166.97,$0.00,$0.00
Supplier,Ogden Newspapers,Webster City,4/10/26,,,OVOL USA,6410093202626,Newsprint,Kruger Newsprint,45 ,533.00 mm,N30Q31K243A,1,250,250,$667.87,$166.97,$0.00,$0.00
Supplier,Ogden Newspapers,Webster City,4/10/26,,,OVOL USA,6410093202626,Newsprint,Kruger Newsprint,45 ,533.00 mm,N30Q31K242A,1,248,248,$667.87,$165.63,$0.00,$0.00
Supplier,Ogden Newspapers,Webster City,4/10/26,,,OVOL USA,6410093202626,Newsprint,Kruger Newsprint,45 ,533.00 mm,N30Q31K241A,1,248,248,$667.87,$165.63,$0.00,$0.00
Supplier,Ogden Newspapers,Webster City,4/10/26,,,OVOL USA,6410093202626,Newsprint,Kruger Newsprint,45 ,533.00 mm,N30Q31K236A,1,252,252,$667.87,$168.30,$0.00,$0.00
Supplier,Ogden Newspapers,Webster City,4/10/26,,,OVOL USA,6410093202626,Newsprint,Kruger Newsprint,45 ,533.00 mm,N30Q31K235A,1,251,251,$667.87,$167.64,$0.00,$0.00
Supplier,Ogden Newspapers,Webster City,4/10/26,,,OVOL USA,6410093202626,Newsprint,Kruger Newsprint,45 ,533.00 mm,N30Q31K234A,1,250,250,$667.87,$166.97,$0.00,$0.00
Supplier,Ogden Newspapers,Webster City,4/10/26,,,OVOL USA,6410093202626,Newsprint,Kruger Newsprint,45 ,533.00 mm,N30Q31K233A,1,249,249,$667.87,$166.30,$0.00,$0.00
Supplier,Ogden Newspapers,Webster City,4/10/26,,,OVOL USA,6410093202626,Newsprint,Kruger Newsprint,45 ,533.00 mm,N30Q31K232A,1,248,248,$667.87,$165.63,$0.00,$0.00
Supplier,Ogden Newspapers,Webster City,4/10/26,,,OVOL USA,6410093202626,Newsprint,Kruger Newsprint,45 ,533.00 mm,N30Q31K231A,1,247,247,$667.87,$164.96,$0.00,$0.00
Supplier,Ogden Newspapers,Webster City,4/10/26,,,OVOL USA,6410093202626,Newsprint,Kruger Newsprint,45 ,533.00 mm,N30Q31K226A,1,252,252,$667.87,$168.30,$0.00,$0.00
Supplier,Ogden Newspapers,Webster City,4/10/26,,,OVOL USA,6410093202626,Newsprint,Kruger Newsprint,45 ,533.00 mm,N30Q31K225A,1,251,251,$667.87,$167.64,$0.00,$0.00
Supplier,Ogden Newspapers,Webster City,4/10/26,,,OVOL USA,6410093202626,Newsprint,Kruger Newsprint,45 ,533.00 mm,N30Q31K224A,1,250,250,$667.87,$166.97,$0.00,$0.00
Supplier,Ogden Newspapers,Webster City,4/10/26,,,OVOL USA,6410093202626,Newsprint,Kruger Newsprint,45 ,533.00 mm,N30Q31K223A,1,249,249,$667.87,$166.30,$0.00,$0.00
Supplier,Ogden Newspapers,Webster City,4/10/26,,,OVOL USA,6410093202626,Newsprint,Kruger Newsprint,45 ,533.00 mm,N30Q31K222A,1,248,248,$667.87,$165.63,$0.00,$0.00
Supplier,Ogden Newspapers,Webster City,4/10/26,,,OVOL USA,6410093202626,Newsprint,Kruger Newsprint,45 ,533.00 mm,N30Q31K221A,1,247,247,$667.87,$164.96,$0.00,$0.00
Supplier,Ogden Newspapers,Webster City,4/10/26,,,OVOL USA,6410093202626,Newsprint,Kruger Newsprint,45 ,533.00 mm,N30Q31K214A,1,250,250,$667.87,$166.97,$0.00,$0.00
Supplier,Ogden Newspapers,Webster City,4/10/26,,,OVOL USA,6410093202626,Newsprint,Kruger Newsprint,45 ,533.00 mm,N30Q31K213A,1,249,249,$667.87,$166.30,$0.00,$0.00
Supplier,Ogden Newspapers,Webster City,4/10/26,,,OVOL USA,6410093202626,Newsprint,Kruger Newsprint,45 ,533.00 mm,N30Q31K212A,1,248,248,$667.87,$165.63,$0.00,$0.00
Supplier,Ogden Newspapers,Webster City,4/10/26,,,OVOL USA,6410093202626,Newsprint,Kruger Newsprint,45 ,533.00 mm,N30Q31K211A,1,247,247,$667.87,$164.96,$0.00,$0.00
Supplier,Ogden Newspapers,Webster City,4/10/26,,,OVOL USA,6410093202626,Newsprint,Kruger Newsprint,45 ,533.00 mm,N30Q31K201A,1,252,252,$667.87,$168.30,$0.00,$0.00
Supplier,Ogden Newspapers,Webster City,4/10/26,,,OVOL USA,6410093202626,Newsprint,Kruger Newsprint,45 ,533.00 mm,N30Q31K195A,1,251,251,$667.87,$167.64,$0.00,$0.00
Supplier,Ogden Newspapers,Webster City,4/10/26,,,OVOL USA,6410093202626,Newsprint,Kruger Newsprint,45 ,533.00 mm,N30Q31K194A,1,244,244,$667.87,$162.96,$0.00,$0.00
Supplier,Ogden Newspapers,Webster City,4/10/26,,,OVOL USA,6410093202626,Newsprint,Kruger Newsprint,45 ,533.00 mm,N30Q31K193A,1,243,243,$667.87,$162.29,$0.00,$0.00
Supplier,Ogden Newspapers,Webster City,4/10/26,,,OVOL USA,6410093202626,Newsprint,Kruger Newsprint,45 ,533.00 mm,N30Q31K192A,1,242,242,$667.87,$161.62,$0.00,$0.00
Supplier,Ogden Newspapers,Webster City,4/10/26,,,OVOL USA,6410093202626,Newsprint,Kruger Newsprint,45 ,533.00 mm,N30Q31K191A,1,242,242,$667.87,$161.62,$0.00,$0.00
Supplier,Ogden Newspapers,Webster City,4/10/26,,,OVOL USA,6410093202626,Newsprint,Kruger Newsprint,45 ,533.00 mm,N30Q26K085C,1,253,253,$667.87,$168.97,$0.00,$0.00
Supplier,Ogden Newspapers,Webster City,4/10/26,,,OVOL USA,6410093202626,Newsprint,Kruger Newsprint,45 ,533.00 mm,N30Q26K085B,1,253,253,$667.87,$168.97,$0.00,$0.00
Supplier,Ogden Newspapers,Webster City,4/10/26,,,OVOL USA,6410093202626,Newsprint,Kruger Newsprint,45 ,533.00 mm,N30Q26K084C,1,253,253,$667.87,$168.97,$0.00,$0.00
Supplier,Ogden Newspapers,Webster City,4/10/26,,,OVOL USA,6410093202626,Newsprint,Kruger Newsprint,45 ,533.00 mm,N30Q26K084B,1,252,252,$667.87,$168.30,$0.00,$0.00
Supplier,Ogden Newspapers,Webster City,4/10/26,,,OVOL USA,6410093202626,Newsprint,Kruger Newsprint,45 ,533.00 mm,N30Q26K083C,1,252,252,$667.87,$168.30,$0.00,$0.00
Supplier,Ogden Newspapers,Webster City,4/10/26,,,OVOL USA,6410093202626,Newsprint,Kruger Newsprint,45 ,533.00 mm,N30Q26K083B,1,251,251,$667.87,$167.64,$0.00,$0.00
Supplier,Ogden Newspapers,Webster City,4/10/26,,,OVOL USA,6410093202626,Newsprint,Kruger Newsprint,45 ,533.00 mm,N30Q26K081C,1,250,250,$667.87,$166.97,$0.00,$0.00
Supplier,Ogden Newspapers,Webster City,4/10/26,,,OVOL USA,6410093202626,Newsprint,Kruger Newsprint,45 ,533.00 mm,N30Q26K081B,1,250,250,$667.87,$166.97,$0.00,$0.00
Supplier,Ogden Newspapers,Webster City,4/10/26,,,OVOL USA,6410093202626,Newsprint,Kruger Newsprint,45 ,533.00 mm,N30Q26K076C,1,253,253,$667.87,$168.97,$0.00,$0.00
Supplier,Ogden Newspapers,Webster City,4/10/26,,,OVOL USA,6410093202626,Newsprint,Kruger Newsprint,45 ,533.00 mm,N30Q26K076B,1,253,253,$667.87,$168.97,$0.00,$0.00
Supplier,Ogden Newspapers,Webster City,4/10/26,,,OVOL USA,6410093202626,Newsprint,Kruger Newsprint,45 ,533.00 mm,N30Q26K075A,1,252,252,$667.87,$168.30,$0.00,$0.00
Supplier,Ogden Newspapers,Webster City,4/10/26,,,OVOL USA,6410093202626,Newsprint,Kruger Newsprint,45 ,533.00 mm,N30Q26K074A,1,252,252,$667.87,$168.30,$0.00,$0.00
Supplier,Ogden Newspapers,Webster City,4/10/26,,,OVOL USA,6410093202623,Newsprint,Kruger Newsprint,45 ,533.00 mm,N30R10K031H,1,247,247,$650.00,$160.55,$0.00,$0.00
Supplier,Ogden Newspapers,Webster City,4/10/26,,,OVOL USA,6410093202623,Newsprint,Kruger Newsprint,45 ,533.00 mm,N30R10K031G,1,247,247,$650.00,$160.55,$0.00,$0.00
Supplier,Ogden Newspapers,Webster City,4/10/26,,,OVOL USA,6410093202623,Newsprint,Kruger Newsprint,45 ,533.00 mm,N30R10K031F,1,246,246,$650.00,$159.90,$0.00,$0.00
Supplier,Ogden Newspapers,Webster City,4/10/26,,,OVOL USA,6410093202623,Newsprint,Kruger Newsprint,45 ,533.00 mm,N30R10K031E,1,246,246,$650.00,$159.90,$0.00,$0.00
Supplier,Ogden Newspapers,Webster City,4/10/26,,,OVOL USA,6410093202623,Newsprint,Kruger Newsprint,45 ,533.00 mm,N30R10K031D,1,246,246,$650.00,$159.90,$0.00,$0.00
Supplier,Ogden Newspapers,Webster City,4/10/26,,,OVOL USA,6410093202623,Newsprint,Kruger Newsprint,45 ,533.00 mm,N30R10K031C,1,246,246,$650.00,$159.90,$0.00,$0.00
Supplier,Ogden Newspapers,Webster City,4/10/26,,,OVOL USA,6410093202623,Newsprint,Kruger Newsprint,45 ,533.00 mm,N30R10K031B,1,245,245,$650.00,$159.25,$0.00,$0.00
Supplier,Ogden Newspapers,Webster City,4/10/26,,,OVOL USA,6410093202623,Newsprint,Kruger Newsprint,45 ,533.00 mm,N30R10K031A,1,245,245,$650.00,$159.25,$0.00,$0.00
Supplier,Ogden Newspapers,Webster City,4/10/26,,,OVOL USA,6410093202623,Newsprint,Kruger Newsprint,45 ,533.00 mm,N30R10K0314,1,247,247,$650.00,$160.55,$0.00,$0.00
Supplier,Ogden Newspapers,Webster City,4/10/26,,,OVOL USA,6410093202623,Newsprint,Kruger Newsprint,45 ,533.00 mm,N30R10K0313,1,246,246,$650.00,$159.90,$0.00,$0.00
Supplier,Ogden Newspapers,Webster City,4/10/26,,,OVOL USA,6410093202623,Newsprint,Kruger Newsprint,45 ,533.00 mm,N30R10K021H,1,251,251,$650.00,$163.15,$0.00,$0.00
Supplier,Ogden Newspapers,Webster City,4/10/26,,,OVOL USA,6410093202623,Newsprint,Kruger Newsprint,45 ,533.00 mm,N30R10K021G,1,252,252,$650.00,$163.80,$0.00,$0.00
Supplier,Ogden Newspapers,Webster City,4/10/26,,,OVOL USA,6410093202623,Newsprint,Kruger Newsprint,45 ,533.00 mm,N30R10K021F,1,251,251,$650.00,$163.15,$0.00,$0.00
Supplier,Ogden Newspapers,Webster City,4/10/26,,,OVOL USA,6410093202623,Newsprint,Kruger Newsprint,45 ,533.00 mm,N30R10K021E,1,251,251,$650.00,$163.15,$0.00,$0.00
Supplier,Ogden Newspapers,Webster City,4/10/26,,,OVOL USA,6410093202623,Newsprint,Kruger Newsprint,45 ,533.00 mm,N30R10K021D,1,251,251,$650.00,$163.15,$0.00,$0.00
Supplier,Ogden Newspapers,Webster City,4/10/26,,,OVOL USA,6410093202623,Newsprint,Kruger Newsprint,45 ,533.00 mm,N30R10K021C,1,250,250,$650.00,$162.50,$0.00,$0.00
Supplier,Ogden Newspapers,Webster City,4/10/26,,,OVOL USA,6410093202623,Newsprint,Kruger Newsprint,45 ,533.00 mm,N30R10K021B,1,250,250,$650.00,$162.50,$0.00,$0.00
Supplier,Ogden Newspapers,Webster City,4/10/26,,,OVOL USA,6410093202623,Newsprint,Kruger Newsprint,45 ,533.00 mm,N30R10K021A,1,251,251,$650.00,$163.15,$0.00,$0.00
Supplier,Ogden Newspapers,Webster City,4/10/26,,,OVOL USA,6410093202623,Newsprint,Kruger Newsprint,45 ,533.00 mm,N30R10K0214,1,252,252,$650.00,$163.80,$0.00,$0.00
Supplier,Ogden Newspapers,Webster City,4/10/26,,,OVOL USA,6410093202623,Newsprint,Kruger Newsprint,45 ,533.00 mm,N30R10K0213,1,252,252,$650.00,$163.80,$0.00,$0.00
Supplier,Ogden Newspapers,Webster City,4/10/26,,,OVOL USA,6410093202623,Newsprint,Kruger Newsprint,45 ,533.00 mm,N30R10K016H,1,248,248,$650.00,$161.20,$0.00,$0.00
Supplier,Ogden Newspapers,Webster City,4/10/26,,,OVOL USA,6410093202623,Newsprint,Kruger Newsprint,45 ,533.00 mm,N30R10K016G,1,248,248,$650.00,$161.20,$0.00,$0.00
Supplier,Ogden Newspapers,Webster City,4/10/26,,,OVOL USA,6410093202623,Newsprint,Kruger Newsprint,45 ,533.00 mm,N30R10K016F,1,248,248,$650.00,$161.20,$0.00,$0.00
Supplier,Ogden Newspapers,Webster City,4/10/26,,,OVOL USA,6410093202623,Newsprint,Kruger Newsprint,45 ,533.00 mm,N30R10K016E,1,248,248,$650.00,$161.20,$0.00,$0.00
Supplier,Ogden Newspapers,Webster City,4/10/26,,,OVOL USA,6410093202623,Newsprint,Kruger Newsprint,45 ,533.00 mm,N30R10K016D,1,248,248,$650.00,$161.20,$0.00,$0.00
Supplier,Ogden Newspapers,Webster City,4/10/26,,,OVOL USA,6410093202623,Newsprint,Kruger Newsprint,45 ,533.00 mm,N30R10K016C,1,248,248,$650.00,$161.20,$0.00,$0.00
Supplier,Ogden Newspapers,Webster City,4/10/26,,,OVOL USA,6410093202623,Newsprint,Kruger Newsprint,45 ,533.00 mm,N30R10K016B,1,247,247,$650.00,$160.55,$0.00,$0.00
Supplier,Ogden Newspapers,Webster City,4/10/26,,,OVOL USA,6410093202623,Newsprint,Kruger Newsprint,45 ,533.00 mm,N30R10K016A,1,247,247,$650.00,$160.55,$0.00,$0.00
Supplier,Ogden Newspapers,Webster City,4/10/26,,,OVOL USA,6410093202623,Newsprint,Kruger Newsprint,45 ,533.00 mm,N30R10K0164,1,249,249,$650.00,$161.85,$0.00,$0.00
Supplier,Ogden Newspapers,Webster City,4/10/26,,,OVOL USA,6410093202623,Newsprint,Kruger Newsprint,45 ,533.00 mm,N30R10K0163,1,247,247,$650.00,$160.55,$0.00,$0.00
Supplier,Ogden Newspapers,Webster City,4/10/26,,,OVOL USA,6410093202623,Newsprint,Kruger Newsprint,45 ,533.00 mm,N30R10K015H,1,251,251,$650.00,$163.15,$0.00,$0.00
Supplier,Ogden Newspapers,Webster City,4/10/26,,,OVOL USA,6410093202623,Newsprint,Kruger Newsprint,45 ,533.00 mm,N30R10K015G,1,251,251,$650.00,$163.15,$0.00,$0.00
Supplier,Ogden Newspapers,Webster City,4/10/26,,,OVOL USA,6410093202623,Newsprint,Kruger Newsprint,45 ,533.00 mm,N30R10K015F,1,250,250,$650.00,$162.50,$0.00,$0.00
Supplier,Ogden Newspapers,Webster City,4/10/26,,,OVOL USA,6410093202623,Newsprint,Kruger Newsprint,45 ,533.00 mm,N30R10K015E,1,251,251,$650.00,$163.15,$0.00,$0.00
Supplier,Ogden Newspapers,Webster City,4/10/26,,,OVOL USA,6410093202623,Newsprint,Kruger Newsprint,45 ,533.00 mm,N30R10K015D,1,250,250,$650.00,$162.50,$0.00,$0.00
Supplier,Ogden Newspapers,Webster City,4/10/26,,,OVOL USA,6410093202623,Newsprint,Kruger Newsprint,45 ,533.00 mm,N30R10K015C,1,250,250,$650.00,$162.50,$0.00,$0.00
Supplier,Ogden Newspapers,Webster City,4/10/26,,,OVOL USA,6410093202623,Newsprint,Kruger Newsprint,45 ,533.00 mm,N30R10K015B,1,250,250,$650.00,$162.50,$0.00,$0.00
Supplier,Ogden Newspapers,Webster City,4/10/26,,,OVOL USA,6410093202623,Newsprint,Kruger Newsprint,45 ,533.00 mm,N30R10K015A,1,249,249,$650.00,$161.85,$0.00,$0.00
Supplier,Ogden Newspapers,Webster City,4/10/26,,,OVOL USA,6410093202623,Newsprint,Kruger Newsprint,45 ,533.00 mm,N30R10K0154,1,251,251,$650.00,$163.15,$0.00,$0.00
Supplier,Ogden Newspapers,Webster City,4/10/26,,,OVOL USA,6410093202623,Newsprint,Kruger Newsprint,45 ,533.00 mm,N30R10K0153,1,250,250,$650.00,$162.50,$0.00,$0.00
Supplier,Ogden Newspapers,Webster City,4/10/26,,,OVOL USA,6410093202623,Newsprint,Kruger Newsprint,45 ,533.00 mm,N30R10K014H,1,250,250,$650.00,$162.50,$0.00,$0.00
Supplier,Ogden Newspapers,Webster City,4/10/26,,,OVOL USA,6410093202623,Newsprint,Kruger Newsprint,45 ,533.00 mm,N30R10K014G,1,250,250,$650.00,$162.50,$0.00,$0.00
Supplier,Ogden Newspapers,Webster City,4/10/26,,,OVOL USA,6410093202623,Newsprint,Kruger Newsprint,45 ,533.00 mm,N30R10K014F,1,249,249,$650.00,$161.85,$0.00,$0.00
Supplier,Ogden Newspapers,Webster City,4/10/26,,,OVOL USA,6410093202623,Newsprint,Kruger Newsprint,45 ,533.00 mm,N30R10K014E,1,249,249,$650.00,$161.85,$0.00,$0.00
Supplier,Ogden Newspapers,Webster City,4/10/26,,,OVOL USA,6410093202623,Newsprint,Kruger Newsprint,45 ,533.00 mm,N30R10K014D,1,249,249,$650.00,$161.85,$0.00,$0.00
Supplier,Ogden Newspapers,Webster City,4/10/26,,,OVOL USA,6410093202623,Newsprint,Kruger Newsprint,45 ,533.00 mm,N30R10K014C,1,249,249,$650.00,$161.85,$0.00,$0.00
Supplier,Ogden Newspapers,Webster City,4/10/26,,,OVOL USA,6410093202623,Newsprint,Kruger Newsprint,45 ,533.00 mm,N30R10K014B,1,248,248,$650.00,$161.20,$0.00,$0.00
Supplier,Ogden Newspapers,Webster City,4/10/26,,,OVOL USA,6410093202623,Newsprint,Kruger Newsprint,45 ,533.00 mm,N30R10K014A,1,248,248,$650.00,$161.20,$0.00,$0.00
Supplier,Ogden Newspapers,Webster City,4/10/26,,,OVOL USA,6410093202623,Newsprint,Kruger Newsprint,45 ,533.00 mm,N30R10K0144,1,250,250,$650.00,$162.50,$0.00,$0.00
Supplier,Ogden Newspapers,Webster City,4/10/26,,,OVOL USA,6410093202623,Newsprint,Kruger Newsprint,45 ,533.00 mm,N30R10K0143,1,249,249,$650.00,$161.85,$0.00,$0.00
Supplier,Ogden Newspapers,Webster City,4/10/26,,,OVOL USA,6410093202623,Newsprint,Kruger Newsprint,45 ,533.00 mm,N30R10K013H,1,248,248,$650.00,$161.20,$0.00,$0.00
Supplier,Ogden Newspapers,Webster City,4/10/26,,,OVOL USA,6410093202623,Newsprint,Kruger Newsprint,45 ,533.00 mm,N30R10K013G,1,249,249,$650.00,$161.85,$0.00,$0.00
Supplier,Ogden Newspapers,Webster City,4/10/26,,,OVOL USA,6410093202623,Newsprint,Kruger Newsprint,45 ,533.00 mm,N30R10K013F,1,248,248,$650.00,$161.20,$0.00,$0.00
Supplier,Ogden Newspapers,Webster City,4/10/26,,,OVOL USA,6410093202623,Newsprint,Kruger Newsprint,45 ,533.00 mm,N30R10K013E,1,249,249,$650.00,$161.85,$0.00,$0.00
Supplier,Ogden Newspapers,Webster City,4/10/26,,,OVOL USA,6410093202623,Newsprint,Kruger Newsprint,45 ,533.00 mm,N30R10K013D,1,248,248,$650.00,$161.20,$0.00,$0.00
Supplier,Ogden Newspapers,Webster City,4/10/26,,,OVOL USA,6410093202623,Newsprint,Kruger Newsprint,45 ,533.00 mm,N30R10K013C,1,248,248,$650.00,$161.20,$0.00,$0.00
Supplier,Ogden Newspapers,Webster City,4/10/26,,,OVOL USA,6410093202623,Newsprint,Kruger Newsprint,45 ,533.00 mm,N30R10K013B,1,248,248,$650.00,$161.20,$0.00,$0.00
Supplier,Ogden Newspapers,Webster City,4/10/26,,,OVOL USA,6410093202623,Newsprint,Kruger Newsprint,45 ,533.00 mm,N30R10K013A,1,247,247,$650.00,$160.55,$0.00,$0.00
Supplier,Ogden Newspapers,Webster City,4/10/26,,,OVOL USA,6410093202623,Newsprint,Kruger Newsprint,45 ,533.00 mm,N30R10K0134,1,249,249,$650.00,$161.85,$0.00,$0.00
Supplier,Ogden Newspapers,Webster City,4/10/26,,,OVOL USA,6410093202623,Newsprint,Kruger Newsprint,45 ,533.00 mm,N30R10K0133,1,247,247,$650.00,$160.55,$0.00,$0.00
Supplier,Ogden Newspapers,Webster City,4/10/26,,,OVOL USA,6410093202623,Newsprint,Kruger Newsprint,45 ,533.00 mm,N30R10K012H,1,248,248,$650.00,$161.20,$0.00,$0.00
Supplier,Ogden Newspapers,Webster City,4/10/26,,,OVOL USA,6410093202623,Newsprint,Kruger Newsprint,45 ,533.00 mm,N30R10K012G,1,247,247,$650.00,$160.55,$0.00,$0.00
Supplier,Ogden Newspapers,Webster City,4/10/26,,,OVOL USA,6410093202623,Newsprint,Kruger Newsprint,45 ,533.00 mm,N30R10K012F,1,247,247,$650.00,$160.55,$0.00,$0.00
Supplier,Ogden Newspapers,Webster City,4/10/26,,,OVOL USA,6410093202623,Newsprint,Kruger Newsprint,45 ,533.00 mm,N30R10K012E,1,248,248,$650.00,$161.20,$0.00,$0.00
Supplier,Ogden Newspapers,Webster City,4/10/26,,,OVOL USA,6410093202623,Newsprint,Kruger Newsprint,45 ,533.00 mm,N30R10K012D,1,247,247,$650.00,$160.55,$0.00,$0.00
Supplier,Ogden Newspapers,Webster City,4/10/26,,,OVOL USA,6410093202623,Newsprint,Kruger Newsprint,45 ,533.00 mm,N30R10K012C,1,247,247,$650.00,$160.55,$0.00,$0.00
Supplier,Ogden Newspapers,Webster City,4/10/26,,,OVOL USA,6410093202623,Newsprint,Kruger Newsprint,45 ,533.00 mm,N30R10K012B,1,246,246,$650.00,$159.90,$0.00,$0.00
Supplier,Ogden Newspapers,Webster City,4/10/26,,,OVOL USA,6410093202623,Newsprint,Kruger Newsprint,45 ,533.00 mm,N30R10K012A,1,246,246,$650.00,$159.90,$0.00,$0.00
Supplier,Ogden Newspapers,Webster City,4/10/26,,,OVOL USA,6410093202623,Newsprint,Kruger Newsprint,45 ,533.00 mm,N30R10K0124,1,248,248,$650.00,$161.20,$0.00,$0.00
Supplier,Ogden Newspapers,Webster City,4/10/26,,,OVOL USA,6410093202623,Newsprint,Kruger Newsprint,45 ,533.00 mm,N30R10K0123,1,247,247,$650.00,$160.55,$0.00,$0.00
Supplier,Ogden Newspapers,Webster City,4/10/26,,,OVOL USA,6410093202623,Newsprint,Kruger Newsprint,45 ,533.00 mm,N30R10K011H,1,246,246,$650.00,$159.90,$0.00,$0.00
Supplier,Ogden Newspapers,Webster City,4/10/26,,,OVOL USA,6410093202623,Newsprint,Kruger Newsprint,45 ,533.00 mm,N30R10K011G,1,246,246,$650.00,$159.90,$0.00,$0.00
Supplier,Ogden Newspapers,Webster City,4/10/26,,,OVOL USA,6410093202623,Newsprint,Kruger Newsprint,45 ,533.00 mm,N30R10K011F,1,246,246,$650.00,$159.90,$0.00,$0.00
Supplier,Ogden Newspapers,Webster City,4/10/26,,,OVOL USA,6410093202623,Newsprint,Kruger Newsprint,45 ,533.00 mm,N30R10K011E,1,246,246,$650.00,$159.90,$0.00,$0.00
Supplier,Ogden Newspapers,Webster City,4/10/26,,,OVOL USA,6410093202623,Newsprint,Kruger Newsprint,45 ,533.00 mm,N30R10K011D,1,246,246,$650.00,$159.90,$0.00,$0.00
Supplier,Ogden Newspapers,Webster City,4/10/26,,,OVOL USA,6410093202623,Newsprint,Kruger Newsprint,45 ,533.00 mm,N30R10K011C,1,246,246,$650.00,$159.90,$0.00,$0.00
Supplier,Ogden Newspapers,Webster City,4/10/26,,,OVOL USA,6410093202623,Newsprint,Kruger Newsprint,45 ,533.00 mm,N30R10K011B,1,245,245,$650.00,$159.25,$0.00,$0.00
Supplier,Ogden Newspapers,Webster City,4/10/26,,,OVOL USA,6410093202623,Newsprint,Kruger Newsprint,45 ,533.00 mm,N30R10K011A,1,245,245,$650.00,$159.25,$0.00,$0.00
Supplier,Ogden Newspapers,Webster City,4/10/26,,,OVOL USA,6410093202623,Newsprint,Kruger Newsprint,45 ,533.00 mm,N30R10K0114,1,246,246,$650.00,$159.90,$0.00,$0.00
Supplier,Ogden Newspapers,Webster City,4/10/26,,,OVOL USA,6410093202623,Newsprint,Kruger Newsprint,45 ,533.00 mm,N30R10K0113,1,246,246,$650.00,$159.90,$0.00,$0.00
Supplier,Ogden Newspapers,Webster City,5/11/26,5/6/26,IA202604,OVOL USA,531016980,Newsprint,Inland Newsprint,45 ,533.00 mm,IEP56E0415870,1,286,286,$735.00,$210.21,$0.00,$0.00
Supplier,Ogden Newspapers,Webster City,5/11/26,5/6/26,IA202604,OVOL USA,531016980,Newsprint,Inland Newsprint,45 ,533.00 mm,IEP56E0415861,1,286,286,$735.00,$210.21,$0.00,$0.00
Supplier,Ogden Newspapers,Webster City,5/11/26,5/6/26,IA202604,OVOL USA,531016980,Newsprint,Inland Newsprint,45 ,533.00 mm,IEP56E0415852,1,285,285,$735.00,$209.48,$0.00,$0.00
Supplier,Ogden Newspapers,Webster City,5/11/26,5/6/26,IA202604,OVOL USA,531016980,Newsprint,Inland Newsprint,45 ,533.00 mm,IEP56E0415843,1,286,286,$735.00,$210.21,$0.00,$0.00
Supplier,Ogden Newspapers,Webster City,5/11/26,5/6/26,IA202604,OVOL USA,531016980,Newsprint,Inland Newsprint,45 ,533.00 mm,IEP56E0415833,1,286,286,$735.00,$210.21,$0.00,$0.00
Supplier,Ogden Newspapers,Webster City,5/11/26,5/6/26,IA202604,OVOL USA,531016980,Newsprint,Inland Newsprint,45 ,533.00 mm,IEP56E0415824,1,286,286,$735.00,$210.21,$0.00,$0.00
Supplier,Ogden Newspapers,Webster City,5/11/26,5/6/26,IA202604,OVOL USA,531016980,Newsprint,Inland Newsprint,45 ,533.00 mm,IEP56E0415815,1,284,284,$735.00,$208.74,$0.00,$0.00
Supplier,Ogden Newspapers,Webster City,5/11/26,5/6/26,IA202604,OVOL USA,531016980,Newsprint,Inland Newsprint,45 ,533.00 mm,IEP56E0415806,1,284,284,$735.00,$208.74,$0.00,$0.00
Supplier,Ogden Newspapers,Webster City,5/11/26,5/6/26,IA202604,OVOL USA,531016980,Newsprint,Inland Newsprint,45 ,533.00 mm,IEP56E0415770,1,288,288,$735.00,$211.68,$0.00,$0.00
Supplier,Ogden Newspapers,Webster City,5/11/26,5/6/26,IA202604,OVOL USA,531016980,Newsprint,Inland Newsprint,45 ,533.00 mm,IEP56E0415761,1,288,288,$735.00,$211.68,$0.00,$0.00
Supplier,Ogden Newspapers,Webster City,5/11/26,5/6/26,IA202604,OVOL USA,531016980,Newsprint,Inland Newsprint,45 ,533.00 mm,IEP56E0415752,1,287,287,$735.00,$210.95,$0.00,$0.00
Supplier,Ogden Newspapers,Webster City,5/11/26,5/6/26,IA202604,OVOL USA,531016980,Newsprint,Inland Newsprint,45 ,533.00 mm,IEP56E0415743,1,288,288,$735.00,$211.68,$0.00,$0.00
Supplier,Ogden Newspapers,Webster City,5/11/26,5/6/26,IA202604,OVOL USA,531016980,Newsprint,Inland Newsprint,45 ,533.00 mm,IEP56E0415733,1,287,287,$735.00,$210.95,$0.00,$0.00
Supplier,Ogden Newspapers,Webster City,5/11/26,5/6/26,IA202604,OVOL USA,531016980,Newsprint,Inland Newsprint,45 ,533.00 mm,IEP56E0415724,1,287,287,$735.00,$210.95,$0.00,$0.00
Supplier,Ogden Newspapers,Webster City,5/11/26,5/6/26,IA202604,OVOL USA,531016980,Newsprint,Inland Newsprint,45 ,533.00 mm,IEP56E0415715,1,287,287,$735.00,$210.95,$0.00,$0.00
Supplier,Ogden Newspapers,Webster City,5/11/26,5/6/26,IA202604,OVOL USA,531016980,Newsprint,Inland Newsprint,45 ,533.00 mm,IEP56E0415706,1,287,287,$735.00,$210.95,$0.00,$0.00
Supplier,Ogden Newspapers,Webster City,5/11/26,5/6/26,IA202604,OVOL USA,531016980,Newsprint,Inland Newsprint,45 ,533.00 mm,IEP56E0415242,1,287,287,$735.00,$210.95,$0.00,$0.00
Supplier,Ogden Newspapers,Webster City,5/11/26,5/6/26,IA202604,OVOL USA,531016980,Newsprint,Inland Newsprint,45 ,533.00 mm,IEP56E0415233,1,288,288,$735.00,$211.68,$0.00,$0.00
Supplier,Ogden Newspapers,Webster City,5/11/26,5/6/26,IA202604,OVOL USA,531016980,Newsprint,Inland Newsprint,45 ,533.00 mm,IEP56E0415224,1,287,287,$735.00,$210.95,$0.00,$0.00
Supplier,Ogden Newspapers,Webster City,5/11/26,5/6/26,IA202604,OVOL USA,531016980,Newsprint,Inland Newsprint,45 ,533.00 mm,IEP56E0415215,1,287,287,$735.00,$210.95,$0.00,$0.00
Supplier,Ogden Newspapers,Webster City,5/11/26,5/6/26,IA202604,OVOL USA,531016980,Newsprint,Inland Newsprint,45 ,533.00 mm,IEP56E0415205,1,284,284,$735.00,$208.74,$0.00,$0.00
Supplier,Ogden Newspapers,Webster City,5/11/26,5/6/26,IA202604,OVOL USA,531016980,Newsprint,Inland Newsprint,45 ,533.00 mm,IEP56E0415142,1,286,286,$735.00,$210.21,$0.00,$0.00
Supplier,Ogden Newspapers,Webster City,5/11/26,5/6/26,IA202604,OVOL USA,531016980,Newsprint,Inland Newsprint,45 ,533.00 mm,IEP56E0415133,1,286,286,$735.00,$210.21,$0.00,$0.00
Supplier,Ogden Newspapers,Webster City,5/11/26,5/6/26,IA202604,OVOL USA,531016980,Newsprint,Inland Newsprint,45 ,533.00 mm,IEP56E0415124,1,286,286,$735.00,$210.21,$0.00,$0.00
Supplier,Ogden Newspapers,Webster City,5/11/26,5/6/26,IA202604,OVOL USA,531016980,Newsprint,Inland Newsprint,45 ,533.00 mm,IEP56E0415115,1,286,286,$735.00,$210.21,$0.00,$0.00
Supplier,Ogden Newspapers,Webster City,5/11/26,5/6/26,IA202604,OVOL USA,531016980,Newsprint,Inland Newsprint,45 ,533.00 mm,IEP56E0415105,1,285,285,$735.00,$209.48,$0.00,$0.00
Supplier,Ogden Newspapers,Webster City,5/11/26,5/6/26,IA202604,OVOL USA,531016980,Newsprint,Inland Newsprint,45 ,533.00 mm,IEP56E0412842,1,292,292,$735.00,$214.62,$0.00,$0.00
Supplier,Ogden Newspapers,Webster City,5/11/26,5/6/26,IA202604,OVOL USA,531016980,Newsprint,Inland Newsprint,45 ,533.00 mm,IEP56E0412833,1,293,293,$735.00,$215.36,$0.00,$0.00
Supplier,Ogden Newspapers,Webster City,5/11/26,5/6/26,IA202604,OVOL USA,531016980,Newsprint,Inland Newsprint,45 ,533.00 mm,IEP56E0412824,1,292,292,$735.00,$214.62,$0.00,$0.00
Supplier,Ogden Newspapers,Webster City,5/11/26,5/6/26,IA202604,OVOL USA,531016980,Newsprint,Inland Newsprint,45 ,533.00 mm,IEP56E0412815,1,292,292,$735.00,$214.62,$0.00,$0.00
Supplier,Ogden Newspapers,Webster City,5/11/26,5/6/26,IA202604,OVOL USA,531016980,Newsprint,Inland Newsprint,45 ,533.00 mm,IEP56E0412805,1,288,288,$735.00,$211.68,$0.00,$0.00
Supplier,Ogden Newspapers,Webster City,5/11/26,5/6/26,IA202604,OVOL USA,531016980,Newsprint,Inland Newsprint,45 ,533.00 mm,IEP56E0412742,1,290,290,$735.00,$213.15,$0.00,$0.00
Supplier,Ogden Newspapers,Webster City,5/11/26,5/6/26,IA202604,OVOL USA,531016980,Newsprint,Inland Newsprint,45 ,533.00 mm,IEP56E0412733,1,290,290,$735.00,$213.15,$0.00,$0.00
Supplier,Ogden Newspapers,Webster City,5/11/26,5/6/26,IA202604,OVOL USA,531016980,Newsprint,Inland Newsprint,45 ,533.00 mm,IEP56E0412724,1,290,290,$735.00,$213.15,$0.00,$0.00
Supplier,Ogden Newspapers,Webster City,5/11/26,5/6/26,IA202604,OVOL USA,531016980,Newsprint,Inland Newsprint,45 ,533.00 mm,IEP56E0412715,1,291,291,$735.00,$213.89,$0.00,$0.00
Supplier,Ogden Newspapers,Webster City,5/11/26,5/6/26,IA202604,OVOL USA,531016980,Newsprint,Inland Newsprint,45 ,533.00 mm,IEP56E0412705,1,289,289,$735.00,$212.42,$0.00,$0.00
Supplier,Ogden Newspapers,Webster City,5/11/26,5/6/26,IA202604,OVOL USA,531016980,Newsprint,Inland Newsprint,45 ,533.00 mm,IEP56E0412642,1,290,290,$735.00,$213.15,$0.00,$0.00
Supplier,Ogden Newspapers,Webster City,5/11/26,5/6/26,IA202604,OVOL USA,531016980,Newsprint,Inland Newsprint,45 ,533.00 mm,IEP56E0412633,1,290,290,$735.00,$213.15,$0.00,$0.00
Supplier,Ogden Newspapers,Webster City,5/11/26,5/6/26,IA202604,OVOL USA,531016980,Newsprint,Inland Newsprint,45 ,533.00 mm,IEP56E0412624,1,290,290,$735.00,$213.15,$0.00,$0.00
Supplier,Ogden Newspapers,Webster City,5/11/26,5/6/26,IA202604,OVOL USA,531016980,Newsprint,Inland Newsprint,45 ,533.00 mm,IEP56E0412615,1,290,290,$735.00,$213.15,$0.00,$0.00
Supplier,Ogden Newspapers,Webster City,5/11/26,5/6/26,IA202604,OVOL USA,531016980,Newsprint,Inland Newsprint,45 ,533.00 mm,IEP56E0412605,1,287,287,$735.00,$210.95,$0.00,$0.00
Supplier,Ogden Newspapers,Webster City,5/11/26,5/6/26,IA202604,OVOL USA,531016980,Newsprint,Inland Newsprint,45 ,533.00 mm,IEP56E0412542,1,288,288,$735.00,$211.68,$0.00,$0.00
Supplier,Ogden Newspapers,Webster City,5/11/26,5/6/26,IA202604,OVOL USA,531016980,Newsprint,Inland Newsprint,45 ,533.00 mm,IEP56E0412533,1,288,288,$735.00,$211.68,$0.00,$0.00
Supplier,Ogden Newspapers,Webster City,5/11/26,5/6/26,IA202604,OVOL USA,531016980,Newsprint,Inland Newsprint,45 ,533.00 mm,IEP56E0412524,1,288,288,$735.00,$211.68,$0.00,$0.00
Supplier,Ogden Newspapers,Webster City,5/11/26,5/6/26,IA202604,OVOL USA,531016980,Newsprint,Inland Newsprint,45 ,533.00 mm,IEP56E0412515,1,288,288,$735.00,$211.68,$0.00,$0.00
Supplier,Ogden Newspapers,Webster City,5/11/26,5/6/26,IA202604,OVOL USA,531016980,Newsprint,Inland Newsprint,45 ,533.00 mm,IEP56E0412505,1,287,287,$735.00,$210.95,$0.00,$0.00
Supplier,Ogden Newspapers,Webster City,5/11/26,5/6/26,IA202604,OVOL USA,531016980,Newsprint,Inland Newsprint,45 ,533.00 mm,IEP56E0412442,1,286,286,$735.00,$210.21,$0.00,$0.00
Supplier,Ogden Newspapers,Webster City,5/11/26,5/6/26,IA202604,OVOL USA,531016980,Newsprint,Inland Newsprint,45 ,533.00 mm,IEP56E0412433,1,286,286,$735.00,$210.21,$0.00,$0.00
Supplier,Ogden Newspapers,Webster City,5/11/26,5/6/26,IA202604,OVOL USA,531016980,Newsprint,Inland Newsprint,45 ,533.00 mm,IEP56E0412424,1,286,286,$735.00,$210.21,$0.00,$0.00
Supplier,Ogden Newspapers,Webster City,5/11/26,5/6/26,IA202604,OVOL USA,531016980,Newsprint,Inland Newsprint,45 ,533.00 mm,IEP56E0412415,1,286,286,$735.00,$210.21,$0.00,$0.00
Supplier,Ogden Newspapers,Webster City,5/11/26,5/6/26,IA202604,OVOL USA,531016980,Newsprint,Inland Newsprint,45 ,533.00 mm,IEP56E0412405,1,283,283,$735.00,$208.01,$0.00,$0.00
Supplier,Ogden Newspapers,Webster City,5/11/26,5/6/26,IA202604,OVOL USA,531016980,Newsprint,Inland Newsprint,45 ,533.00 mm,IEP56E0412342,1,285,285,$735.00,$209.48,$0.00,$0.00
Supplier,Ogden Newspapers,Webster City,5/11/26,5/6/26,IA202604,OVOL USA,531016980,Newsprint,Inland Newsprint,45 ,533.00 mm,IEP56E0412333,1,285,285,$735.00,$209.48,$0.00,$0.00
Supplier,Ogden Newspapers,Webster City,5/11/26,5/6/26,IA202604,OVOL USA,531016980,Newsprint,Inland Newsprint,45 ,533.00 mm,IEP56E0412324,1,284,284,$735.00,$208.74,$0.00,$0.00
Supplier,Ogden Newspapers,Webster City,5/11/26,5/6/26,IA202604,OVOL USA,531016980,Newsprint,Inland Newsprint,45 ,533.00 mm,IEP56E0412315,1,285,285,$735.00,$209.48,$0.00,$0.00
Supplier,Ogden Newspapers,Webster City,5/11/26,5/6/26,IA202604,OVOL USA,531016980,Newsprint,Inland Newsprint,45 ,533.00 mm,IEP56E0412305,1,284,284,$735.00,$208.74,$0.00,$0.00
Supplier,Ogden Newspapers,Webster City,5/11/26,5/6/26,IA202604,OVOL USA,531016980,Newsprint,Inland Newsprint,45 ,533.00 mm,IEP56E0412242,1,284,284,$735.00,$208.74,$0.00,$0.00
Supplier,Ogden Newspapers,Webster City,5/11/26,5/6/26,IA202604,OVOL USA,531016980,Newsprint,Inland Newsprint,45 ,533.00 mm,IEP56E0412233,1,284,284,$735.00,$208.74,$0.00,$0.00
Supplier,Ogden Newspapers,Webster City,5/11/26,5/6/26,IA202604,OVOL USA,531016980,Newsprint,Inland Newsprint,45 ,533.00 mm,IEP56E0412224,1,284,284,$735.00,$208.74,$0.00,$0.00
Supplier,Ogden Newspapers,Webster City,5/11/26,5/6/26,IA202604,OVOL USA,531016980,Newsprint,Inland Newsprint,45 ,533.00 mm,IEP56E0412215,1,284,284,$735.00,$208.74,$0.00,$0.00
Supplier,Ogden Newspapers,Webster City,5/11/26,5/6/26,IA202604,OVOL USA,531016980,Newsprint,Inland Newsprint,45 ,533.00 mm,IEP56E0412205,1,281,281,$735.00,$206.54,$0.00,$0.00
Supplier,Ogden Newspapers,Webster City,5/11/26,5/6/26,IA202604,OVOL USA,531016980,Newsprint,Inland Newsprint,45 ,533.00 mm,IEP56E0412142,1,283,283,$735.00,$208.01,$0.00,$0.00
Supplier,Ogden Newspapers,Webster City,5/11/26,5/6/26,IA202604,OVOL USA,531016980,Newsprint,Inland Newsprint,45 ,533.00 mm,IEP56E0412133,1,283,283,$735.00,$208.01,$0.00,$0.00
Supplier,Ogden Newspapers,Webster City,5/11/26,5/6/26,IA202604,OVOL USA,531016980,Newsprint,Inland Newsprint,45 ,533.00 mm,IEP56E0412124,1,283,283,$735.00,$208.01,$0.00,$0.00
Supplier,Ogden Newspapers,Webster City,5/11/26,5/6/26,IA202604,OVOL USA,531016980,Newsprint,Inland Newsprint,45 ,533.00 mm,IEP56E0412115,1,283,283,$735.00,$208.01,$0.00,$0.00
Supplier,Ogden Newspapers,Webster City,5/11/26,5/6/26,IA202604,OVOL USA,531016980,Newsprint,Inland Newsprint,45 ,533.00 mm,IEP56E0412105,1,281,281,$735.00,$206.54,$0.00,$0.00
Quantity Subtotals: ,,,,,,,,,,,,,673,"178,554","178,554",,"$123,836.05",,$0.00
,,,,,,,,,,,,,,,,,,,
Supplier,Ogden Newspapers,Webster City,8/29/25,,,OVOL USA,64100202025093,Newsprint,Kruger Newsprint,45 ,635.00 mm,N30H25K141D,1,296,296,$614.66,$181.94,$0.00,$0.00
Supplier,Ogden Newspapers,Webster City,8/29/25,,,OVOL USA,64100202025093,Newsprint,Kruger Newsprint,45 ,635.00 mm,N30H22K074D,1,302,302,$614.66,$185.63,$0.00,$0.00
Supplier,Ogden Newspapers,Webster City,8/29/25,,,OVOL USA,64100202025093,Newsprint,Kruger Newsprint,45 ,635.00 mm,N30H22K073F,1,302,302,$614.66,$185.63,$0.00,$0.00
Supplier,Ogden Newspapers,Webster City,8/29/25,,,OVOL USA,64100202025093,Newsprint,Kruger Newsprint,45 ,635.00 mm,N30H22K073D,1,301,301,$614.66,$185.01,$0.00,$0.00
Quantity Subtotals: ,,,,,,,,,,,,,4,"1,201","1,201",,$738.21,,$0.00
,,,,,,,,,,,,,,,,,,,
Supplier,Ogden Newspapers,Webster City,11/6/24,,,OVOL USA,,Hi-Brite,Alternative Offset,51.8 ,648.00 mm,FF818,1,400,400,"$1,146.39",$458.56,$0.00,$0.00
Quantity Subtotals: ,,,,,,,,,,,,,1,400,400,,$458.56,,$0.00
,,,,,,,,,,,,,,,,,,,
Supplier,Ogden Newspapers,Webster City,4/10/26,,,OVOL USA,6410093202626,Newsprint,Kruger Newsprint,45 ,711.00 mm,N30R04K321C,1,332,332,$667.87,$221.73,$0.00,$0.00
Supplier,Ogden Newspapers,Webster City,4/10/26,,,OVOL USA,6410093202626,Newsprint,Kruger Newsprint,45 ,711.00 mm,N30Q26K075D,1,337,337,$667.87,$225.07,$0.00,$0.00
Supplier,Ogden Newspapers,Webster City,4/10/26,,,OVOL USA,6410093202626,Newsprint,Kruger Newsprint,45 ,711.00 mm,N30Q26K075C,1,337,337,$667.87,$225.07,$0.00,$0.00
Supplier,Ogden Newspapers,Webster City,4/10/26,,,OVOL USA,6410093202626,Newsprint,Kruger Newsprint,45 ,711.00 mm,N30Q26K074E,1,337,337,$667.87,$225.07,$0.00,$0.00
Supplier,Ogden Newspapers,Webster City,4/10/26,,,OVOL USA,6410093202626,Newsprint,Kruger Newsprint,45 ,711.00 mm,N30Q26K074D,1,336,336,$667.87,$224.40,$0.00,$0.00
Supplier,Ogden Newspapers,Webster City,4/10/26,,,OVOL USA,6410093202626,Newsprint,Kruger Newsprint,45 ,711.00 mm,N30Q26K074C,1,336,336,$667.87,$224.40,$0.00,$0.00
Supplier,Ogden Newspapers,Webster City,4/10/26,,,OVOL USA,6410093202626,Newsprint,Kruger Newsprint,45 ,711.00 mm,N30Q26K073J,1,339,339,$667.87,$226.41,$0.00,$0.00
Supplier,Ogden Newspapers,Webster City,4/10/26,,,OVOL USA,6410093202626,Newsprint,Kruger Newsprint,45 ,711.00 mm,N30Q26K072J,1,337,337,$667.87,$225.07,$0.00,$0.00
Supplier,Ogden Newspapers,Webster City,4/10/26,,,OVOL USA,6410093202626,Newsprint,Kruger Newsprint,45 ,711.00 mm,N30Q26K071J,1,336,336,$667.87,$224.40,$0.00,$0.00
Supplier,Ogden Newspapers,Webster City,4/10/26,,,OVOL USA,6410093202626,Newsprint,Kruger Newsprint,45 ,711.00 mm,N30Q26K066J,1,342,342,$667.87,$228.41,$0.00,$0.00
Supplier,Ogden Newspapers,Webster City,4/10/26,,,OVOL USA,6410093202626,Newsprint,Kruger Newsprint,45 ,711.00 mm,N30Q26K065J,1,338,338,$667.87,$225.74,$0.00,$0.00
Supplier,Ogden Newspapers,Webster City,4/10/26,,,OVOL USA,6410093202626,Newsprint,Kruger Newsprint,45 ,711.00 mm,N30Q26K064J,1,337,337,$667.87,$225.07,$0.00,$0.00
Supplier,Ogden Newspapers,Webster City,4/10/26,,,OVOL USA,6410093202626,Newsprint,Kruger Newsprint,45 ,711.00 mm,N30Q26K062J,1,336,336,$667.87,$224.40,$0.00,$0.00
Quantity Subtotals: ,,,,,,,,,,,,,13,"4,380","4,380",,"$2,925.24",,$0.00
,,,,,,,,,,,,,,,,,,,
Supplier,Ogden Newspapers,Webster City,8/29/25,,,OVOL USA,64100202025093,Newsprint,Kruger Newsprint,45 ,737.00 mm,N30H25K141H,1,343,343,$614.66,$210.83,$0.00,$0.00
Supplier,Ogden Newspapers,Webster City,8/29/25,,,OVOL USA,64100202025093,Newsprint,Kruger Newsprint,45 ,737.00 mm,N30H22K091H,1,347,347,$614.66,$213.29,$0.00,$0.00
Supplier,Ogden Newspapers,Webster City,8/29/25,,,OVOL USA,64100202025093,Newsprint,Kruger Newsprint,45 ,737.00 mm,N30H22K082H,1,352,352,$614.66,$216.36,$0.00,$0.00
Supplier,Ogden Newspapers,Webster City,8/29/25,,,OVOL USA,64100202025093,Newsprint,Kruger Newsprint,45 ,737.00 mm,N30H22K081H,1,350,350,$614.66,$215.13,$0.00,$0.00
Supplier,Ogden Newspapers,Webster City,8/29/25,,,OVOL USA,64100202025093,Newsprint,Kruger Newsprint,45 ,737.00 mm,N30H22K081F,1,351,351,$614.66,$215.75,$0.00,$0.00
Supplier,Ogden Newspapers,Webster City,8/29/25,,,OVOL USA,64100202025093,Newsprint,Kruger Newsprint,45 ,737.00 mm,N30H22K081E,1,352,352,$614.66,$216.36,$0.00,$0.00
Supplier,Ogden Newspapers,Webster City,8/29/25,,,OVOL USA,64100202025093,Newsprint,Kruger Newsprint,45 ,737.00 mm,N30H22K076F,1,347,347,$614.66,$213.29,$0.00,$0.00
Supplier,Ogden Newspapers,Webster City,8/29/25,,,OVOL USA,64100202025093,Newsprint,Kruger Newsprint,45 ,737.00 mm,N30H22K076E,1,347,347,$614.66,$213.29,$0.00,$0.00
Supplier,Ogden Newspapers,Webster City,3/25/26,,,OVOL USA,6410033202616,Newsprint,Kap Paper Newsprint,45 ,737.00 mm,M346A06011Z,1,377,377,$640.10,$241.32,$0.00,$0.00
Supplier,Ogden Newspapers,Webster City,3/25/26,,,OVOL USA,6410033202616,Newsprint,Kap Paper Newsprint,45 ,737.00 mm,M346A06011B,1,375,375,$640.10,$240.04,$0.00,$0.00
Supplier,Ogden Newspapers,Webster City,3/25/26,,,OVOL USA,6410033202616,Newsprint,Kap Paper Newsprint,45 ,737.00 mm,M346A06011A,1,376,376,$640.10,$240.68,$0.00,$0.00
Supplier,Ogden Newspapers,Webster City,3/25/26,,,OVOL USA,6410033202616,Newsprint,Kap Paper Newsprint,45 ,737.00 mm,M346A05353Z,1,380,380,$640.10,$243.24,$0.00,$0.00
Supplier,Ogden Newspapers,Webster City,3/25/26,,,OVOL USA,6410033202616,Newsprint,Kap Paper Newsprint,45 ,737.00 mm,M346A05353B,1,379,379,$640.10,$242.60,$0.00,$0.00
Supplier,Ogden Newspapers,Webster City,3/25/26,,,OVOL USA,6410033202616,Newsprint,Kap Paper Newsprint,45 ,737.00 mm,M346A05353A,1,379,379,$640.10,$242.60,$0.00,$0.00
Supplier,Ogden Newspapers,Webster City,3/25/26,,,OVOL USA,6410033202616,Newsprint,Kap Paper Newsprint,45 ,737.00 mm,M346A05352Z,1,378,378,$640.10,$241.96,$0.00,$0.00
Supplier,Ogden Newspapers,Webster City,3/25/26,,,OVOL USA,6410033202616,Newsprint,Kap Paper Newsprint,45 ,737.00 mm,M346A05352B,1,377,377,$640.10,$241.32,$0.00,$0.00
Supplier,Ogden Newspapers,Webster City,3/25/26,,,OVOL USA,6410033202616,Newsprint,Kap Paper Newsprint,45 ,737.00 mm,M346A05352A,1,376,376,$640.10,$240.68,$0.00,$0.00
Supplier,Ogden Newspapers,Webster City,3/25/26,,,OVOL USA,6410033202616,Newsprint,Kap Paper Newsprint,45 ,737.00 mm,M346A05351Z,1,377,377,$640.10,$241.32,$0.00,$0.00
Supplier,Ogden Newspapers,Webster City,3/25/26,,,OVOL USA,6410033202616,Newsprint,Kap Paper Newsprint,45 ,737.00 mm,M346A05351A,1,377,377,$640.10,$241.32,$0.00,$0.00
Supplier,Ogden Newspapers,Webster City,3/25/26,,,OVOL USA,6410033202616,Newsprint,Kap Paper Newsprint,45 ,737.00 mm,M346A05343Z,1,378,378,$640.10,$241.96,$0.00,$0.00
Supplier,Ogden Newspapers,Webster City,3/25/26,,,OVOL USA,6410033202616,Newsprint,Kap Paper Newsprint,45 ,737.00 mm,M346A05343B,1,378,378,$640.10,$241.96,$0.00,$0.00
Supplier,Ogden Newspapers,Webster City,3/25/26,,,OVOL USA,6410033202616,Newsprint,Kap Paper Newsprint,45 ,737.00 mm,M346A05343A,1,378,378,$640.10,$241.96,$0.00,$0.00
Supplier,Ogden Newspapers,Webster City,3/25/26,,,OVOL USA,6410033202616,Newsprint,Kap Paper Newsprint,45 ,737.00 mm,M346A05342Z,1,374,374,$640.10,$239.40,$0.00,$0.00
Supplier,Ogden Newspapers,Webster City,3/25/26,,,OVOL USA,6410033202616,Newsprint,Kap Paper Newsprint,45 ,737.00 mm,M346A05342B,1,378,378,$640.10,$241.96,$0.00,$0.00
Supplier,Ogden Newspapers,Webster City,3/25/26,,,OVOL USA,6410033202616,Newsprint,Kap Paper Newsprint,45 ,737.00 mm,M346A05342A,1,378,378,$640.10,$241.96,$0.00,$0.00
Supplier,Ogden Newspapers,Webster City,3/25/26,,,OVOL USA,6410033202616,Newsprint,Kap Paper Newsprint,45 ,737.00 mm,M346A05341A,1,375,375,$640.10,$240.04,$0.00,$0.00
Supplier,Ogden Newspapers,Webster City,3/25/26,,,OVOL USA,6410033202616,Newsprint,Kap Paper Newsprint,45 ,737.00 mm,M346A05333Z,1,378,378,$640.10,$241.96,$0.00,$0.00
Supplier,Ogden Newspapers,Webster City,3/25/26,,,OVOL USA,6410033202616,Newsprint,Kap Paper Newsprint,45 ,737.00 mm,M346A05333B,1,377,377,$640.10,$241.32,$0.00,$0.00
Supplier,Ogden Newspapers,Webster City,3/25/26,,,OVOL USA,6410033202616,Newsprint,Kap Paper Newsprint,45 ,737.00 mm,M346A05333A,1,376,376,$640.10,$240.68,$0.00,$0.00
Supplier,Ogden Newspapers,Webster City,3/25/26,,,OVOL USA,6410033202616,Newsprint,Kap Paper Newsprint,45 ,737.00 mm,M346A05332B,1,377,377,$640.10,$241.32,$0.00,$0.00
Supplier,Ogden Newspapers,Webster City,3/25/26,,,OVOL USA,6410033202616,Newsprint,Kap Paper Newsprint,45 ,737.00 mm,M346A05332A,1,375,375,$640.10,$240.04,$0.00,$0.00
Supplier,Ogden Newspapers,Webster City,3/25/26,,,OVOL USA,6410033202616,Newsprint,Kap Paper Newsprint,45 ,737.00 mm,M346A05331B,1,374,374,$640.10,$239.40,$0.00,$0.00
Supplier,Ogden Newspapers,Webster City,3/25/26,,,OVOL USA,6410033202616,Newsprint,Kap Paper Newsprint,45 ,737.00 mm,M346A05331A,1,373,373,$640.10,$238.76,$0.00,$0.00
Supplier,Ogden Newspapers,Webster City,6/7/25,,,OVOL USA,64100932025064,Hi-Brite,KruBrite 80 Offset,51.8 ,737.00 mm,N3GF05K015C,1,397,397,$990.91,$393.39,$0.00,$0.00
Supplier,Ogden Newspapers,Webster City,6/7/25,,,OVOL USA,64100932025064,Hi-Brite,KruBrite 80 Offset,51.8 ,737.00 mm,N3GF05K015A,1,399,399,$990.91,$395.37,$0.00,$0.00
Supplier,Ogden Newspapers,Webster City,6/7/25,,,OVOL USA,64100932025064,Hi-Brite,KruBrite 80 Offset,51.8 ,737.00 mm,N3GF05K014A,1,396,396,$990.91,$392.40,$0.00,$0.00
Supplier,Ogden Newspapers,Webster City,6/7/25,,,OVOL USA,64100932025064,Hi-Brite,KruBrite 80 Offset,51.8 ,737.00 mm,N3GF05K013E,1,397,397,$990.91,$393.39,$0.00,$0.00
Supplier,Ogden Newspapers,Webster City,6/7/25,,,OVOL USA,64100932025064,Hi-Brite,KruBrite 80 Offset,51.8 ,737.00 mm,N3GF05K013D,1,395,395,$990.91,$391.41,$0.00,$0.00
Supplier,Ogden Newspapers,Webster City,6/7/25,,,OVOL USA,64100932025064,Hi-Brite,KruBrite 80 Offset,51.8 ,737.00 mm,N3GF05K013C,1,393,393,$990.91,$389.43,$0.00,$0.00
Supplier,Ogden Newspapers,Webster City,6/7/25,,,OVOL USA,64100932025064,Hi-Brite,KruBrite 80 Offset,51.8 ,737.00 mm,N3GF05K013A,1,390,390,$990.91,$386.45,$0.00,$0.00
Supplier,Ogden Newspapers,Webster City,6/7/25,,,OVOL USA,64100932025064,Hi-Brite,KruBrite 80 Offset,51.8 ,737.00 mm,N3GF05K012E,1,396,396,$990.91,$392.40,$0.00,$0.00
Supplier,Ogden Newspapers,Webster City,6/7/25,,,OVOL USA,64100932025064,Hi-Brite,KruBrite 80 Offset,51.8 ,737.00 mm,N3GF05K012D,1,396,396,$990.91,$392.40,$0.00,$0.00
Supplier,Ogden Newspapers,Webster City,6/7/25,,,OVOL USA,64100932025064,Hi-Brite,KruBrite 80 Offset,51.8 ,737.00 mm,N3GF05K012C,1,393,393,$990.91,$389.43,$0.00,$0.00
Supplier,Ogden Newspapers,Webster City,6/7/25,,,OVOL USA,64100932025064,Hi-Brite,KruBrite 80 Offset,51.8 ,737.00 mm,N3GF05K012A,1,395,395,$990.91,$391.41,$0.00,$0.00
Supplier,Ogden Newspapers,Webster City,11/15/25,,,OVOL USA,64100932025113,Hi-Brite,KruBrite 80 Offset,51.8 ,737.00 mm,N3GL01K223A,1,389,389,$990.91,$385.46,$0.00,$0.00
Supplier,Ogden Newspapers,Webster City,11/15/25,,,OVOL USA,64100932025113,Hi-Brite,KruBrite 80 Offset,51.8 ,737.00 mm,N3GL01K222A,1,387,387,$990.91,$383.48,$0.00,$0.00
Supplier,Ogden Newspapers,Webster City,11/15/25,,,OVOL USA,64100932025113,Hi-Brite,KruBrite 80 Offset,51.8 ,737.00 mm,N3GL01K221A,1,386,386,$990.91,$382.49,$0.00,$0.00
Supplier,Ogden Newspapers,Webster City,11/15/25,,,OVOL USA,64100932025113,Hi-Brite,KruBrite 80 Offset,51.8 ,737.00 mm,N3GL01K216A,1,391,391,$990.91,$387.45,$0.00,$0.00
Supplier,Ogden Newspapers,Webster City,11/15/25,,,OVOL USA,64100932025113,Hi-Brite,KruBrite 80 Offset,51.8 ,737.00 mm,N3GL01K214A,1,390,390,$990.91,$386.45,$0.00,$0.00
Supplier,Ogden Newspapers,Webster City,11/15/25,,,OVOL USA,64100932025113,Hi-Brite,KruBrite 80 Offset,51.8 ,737.00 mm,N3GL01K211A,1,386,386,$990.91,$382.49,$0.00,$0.00
Supplier,Ogden Newspapers,Webster City,11/15/25,,,OVOL USA,64100932025113,Hi-Brite,KruBrite 80 Offset,51.8 ,737.00 mm,N3GL01K206A,1,392,392,$990.91,$388.44,$0.00,$0.00
Supplier,Ogden Newspapers,Webster City,11/15/25,,,OVOL USA,64100932025113,Hi-Brite,KruBrite 80 Offset,51.8 ,737.00 mm,N3GL01K205A,1,390,390,$990.91,$386.45,$0.00,$0.00
Supplier,Ogden Newspapers,Webster City,11/15/25,,,OVOL USA,64100932025113,Hi-Brite,KruBrite 80 Offset,51.8 ,737.00 mm,N3GL01K203A,1,388,388,$990.91,$384.47,$0.00,$0.00
Supplier,Ogden Newspapers,Webster City,11/15/25,,,OVOL USA,64100932025113,Hi-Brite,KruBrite 80 Offset,51.8 ,737.00 mm,N3GL01K202A,1,387,387,$990.91,$383.48,$0.00,$0.00
Supplier,Ogden Newspapers,Webster City,11/15/25,,,OVOL USA,64100932025113,Hi-Brite,KruBrite 80 Offset,51.8 ,737.00 mm,N3GL01K195A,1,391,391,$990.91,$387.45,$0.00,$0.00
Supplier,Ogden Newspapers,Webster City,11/15/25,,,OVOL USA,64100932025113,Hi-Brite,KruBrite 80 Offset,51.8 ,737.00 mm,N3GL01K194A,1,392,392,$990.91,$388.44,$0.00,$0.00
Supplier,Ogden Newspapers,Webster City,11/15/25,,,OVOL USA,64100932025113,Hi-Brite,KruBrite 80 Offset,51.8 ,737.00 mm,N3GL01K143A,1,397,397,$990.91,$393.39,$0.00,$0.00
Quantity Subtotals: ,,,,,,,,,,,,,57,"21,622","21,622",,"$17,071.52",,$0.00
,,,,,,,,,,,,,,,,,,,
Supplier,Ogden Newspapers,Webster City,11/6/24,,,OVOL USA,,Newsprint,Thunder Bay Newsprint,45 ,762.00 mm,L2V4L03171Z,1,390,390,$629.81,$245.63,$0.00,$0.00
Supplier,Ogden Newspapers,Webster City,11/6/24,,,OVOL USA,,Newsprint,Thunder Bay Newsprint,45 ,762.00 mm,L2V4L03171A,1,391,391,$629.81,$246.26,$0.00,$0.00
Supplier,Ogden Newspapers,Webster City,11/6/24,,,OVOL USA,,Newsprint,Thunder Bay Newsprint,45 ,762.00 mm,L2V4L03166A,1,398,398,$629.81,$250.66,$0.00,$0.00
Quantity Subtotals: ,,,,,,,,,,,,,3,"1,179","1,179",,$742.55,,$0.00
,,,,,,,,,,,,,,,,,,,
Supplier,Ogden Newspapers,Webster City,11/6/24,,,OVOL USA,,Hi-Brite,Norbrite 92,74 ,864.00 mm,KEMP15323,1,"1,568","1,568","$1,234.58","$1,935.82",$0.00,$0.00
Supplier,Ogden Newspapers,Webster City,8/31/25,,,OVOL USA,64100442025094,Hi-Brite,Inland Brite 70,74 ,864.00 mm,IEP55H3017701,1,490,490,"$1,001.00",$490.49,$0.00,$0.00
Supplier,Ogden Newspapers,Webster City,8/31/25,,,OVOL USA,64100442025094,Hi-Brite,Inland Brite 70,74 ,864.00 mm,IEP55H3017601,1,503,503,"$1,001.00",$503.50,$0.00,$0.00
Supplier,Ogden Newspapers,Webster City,8/31/25,,,OVOL USA,64100442025094,Hi-Brite,Inland Brite 70,74 ,864.00 mm,IEP55H3017546,1,499,499,"$1,001.00",$499.50,$0.00,$0.00
Supplier,Ogden Newspapers,Webster City,8/31/25,,,OVOL USA,64100442025094,Hi-Brite,Inland Brite 70,74 ,864.00 mm,IEP55H3017532,1,502,502,"$1,001.00",$502.50,$0.00,$0.00
Supplier,Ogden Newspapers,Webster City,8/31/25,,,OVOL USA,64100442025094,Hi-Brite,Inland Brite 70,74 ,864.00 mm,IEP55H3017517,1,497,497,"$1,001.00",$497.50,$0.00,$0.00
Supplier,Ogden Newspapers,Webster City,8/31/25,,,OVOL USA,64100442025094,Hi-Brite,Inland Brite 70,74 ,864.00 mm,IEP55H3017502,1,497,497,"$1,001.00",$497.50,$0.00,$0.00
Supplier,Ogden Newspapers,Webster City,8/31/25,,,OVOL USA,64100442025094,Hi-Brite,Inland Brite 70,74 ,864.00 mm,IEP55H3017446,1,493,493,"$1,001.00",$493.49,$0.00,$0.00
Supplier,Ogden Newspapers,Webster City,8/31/25,,,OVOL USA,64100442025094,Hi-Brite,Inland Brite 70,74 ,864.00 mm,IEP55H3017432,1,494,494,"$1,001.00",$494.49,$0.00,$0.00
Supplier,Ogden Newspapers,Webster City,8/31/25,,,OVOL USA,64100442025094,Hi-Brite,Inland Brite 70,74 ,864.00 mm,IEP55H3017417,1,492,492,"$1,001.00",$492.49,$0.00,$0.00
Supplier,Ogden Newspapers,Webster City,8/31/25,,,OVOL USA,64100442025094,Hi-Brite,Inland Brite 70,74 ,864.00 mm,IEP55H3017402,1,492,492,"$1,001.00",$492.49,$0.00,$0.00
Supplier,Ogden Newspapers,Webster City,8/31/25,,,OVOL USA,64100442025094,Hi-Brite,Inland Brite 70,74 ,864.00 mm,IEP55H3017346,1,494,494,"$1,001.00",$494.49,$0.00,$0.00
Supplier,Ogden Newspapers,Webster City,8/31/25,,,OVOL USA,64100442025094,Hi-Brite,Inland Brite 70,74 ,864.00 mm,IEP55H3017332,1,495,495,"$1,001.00",$495.50,$0.00,$0.00
Supplier,Ogden Newspapers,Webster City,8/31/25,,,OVOL USA,64100442025094,Hi-Brite,Inland Brite 70,74 ,864.00 mm,IEP55H3017317,1,492,492,"$1,001.00",$492.49,$0.00,$0.00
Supplier,Ogden Newspapers,Webster City,8/31/25,,,OVOL USA,64100442025094,Hi-Brite,Inland Brite 70,74 ,864.00 mm,IEP55H3017302,1,492,492,"$1,001.00",$492.49,$0.00,$0.00
Supplier,Ogden Newspapers,Webster City,8/31/25,,,OVOL USA,64100442025094,Hi-Brite,Inland Brite 70,74 ,864.00 mm,IEP55H3017246,1,492,492,"$1,001.00",$492.49,$0.00,$0.00
Supplier,Ogden Newspapers,Webster City,8/31/25,,,OVOL USA,64100442025094,Hi-Brite,Inland Brite 70,74 ,864.00 mm,IEP55H3017232,1,493,493,"$1,001.00",$493.49,$0.00,$0.00
Supplier,Ogden Newspapers,Webster City,6/7/25,,,OVOL USA,64100932025064,Hi-Brite,KruBrite 80 Offset,51.8 ,864.00 mm,N3GF05K021C,1,457,457,$990.91,$452.85,$0.00,$0.00
Supplier,Ogden Newspapers,Webster City,6/7/25,,,OVOL USA,64100932025064,Hi-Brite,KruBrite 80 Offset,51.8 ,864.00 mm,N3GF05K011H,1,460,460,$990.91,$455.82,$0.00,$0.00
Supplier,Ogden Newspapers,Webster City,6/7/25,,,OVOL USA,64100932025064,Hi-Brite,KruBrite 80 Offset,51.8 ,864.00 mm,N3GF04K254H,1,467,467,$990.91,$462.75,$0.00,$0.00
Supplier,Ogden Newspapers,Webster City,6/7/25,,,OVOL USA,64100932025064,Hi-Brite,KruBrite 80 Offset,51.8 ,864.00 mm,N3GF04K253H,1,461,461,$990.91,$456.81,$0.00,$0.00
Supplier,Ogden Newspapers,Webster City,11/15/25,,,OVOL USA,64100932025113,Hi-Brite,KruBrite 80 Offset,51.8 ,864.00 mm,N3GL02K013F,1,456,456,$990.91,$451.85,$0.00,$0.00
Supplier,Ogden Newspapers,Webster City,11/15/25,,,OVOL USA,64100932025113,Hi-Brite,KruBrite 80 Offset,51.8 ,864.00 mm,N3GL02K013D,1,457,457,$990.91,$452.85,$0.00,$0.00
Supplier,Ogden Newspapers,Webster City,11/15/25,,,OVOL USA,64100932025113,Hi-Brite,KruBrite 80 Offset,51.8 ,864.00 mm,N3GL02K013A,1,458,458,$990.91,$453.84,$0.00,$0.00
Supplier,Ogden Newspapers,Webster City,11/15/25,,,OVOL USA,64100932025113,Hi-Brite,KruBrite 80 Offset,51.8 ,864.00 mm,N3GL02K012F,1,455,455,$990.91,$450.86,$0.00,$0.00
Supplier,Ogden Newspapers,Webster City,11/15/25,,,OVOL USA,64100932025113,Hi-Brite,KruBrite 80 Offset,51.8 ,864.00 mm,N3GL02K012E,1,456,456,$990.91,$451.85,$0.00,$0.00
Supplier,Ogden Newspapers,Webster City,11/15/25,,,OVOL USA,64100932025113,Hi-Brite,KruBrite 80 Offset,51.8 ,864.00 mm,N3GL02K012D,1,455,455,$990.91,$450.86,$0.00,$0.00
Supplier,Ogden Newspapers,Webster City,11/15/25,,,OVOL USA,64100932025113,Hi-Brite,KruBrite 80 Offset,51.8 ,864.00 mm,N3GL02K012C,1,453,453,$990.91,$448.88,$0.00,$0.00
Supplier,Ogden Newspapers,Webster City,11/15/25,,,OVOL USA,64100932025113,Hi-Brite,KruBrite 80 Offset,51.8 ,864.00 mm,N3GL02K012A,1,457,457,$990.91,$452.85,$0.00,$0.00
Supplier,Ogden Newspapers,Webster City,11/15/25,,,OVOL USA,64100932025113,Hi-Brite,KruBrite 80 Offset,51.8 ,864.00 mm,N3GL02K011C,1,448,448,$990.91,$443.93,$0.00,$0.00
Supplier,Ogden Newspapers,Webster City,11/15/25,,,OVOL USA,64100932025113,Hi-Brite,KruBrite 80 Offset,51.8 ,864.00 mm,N3GL02K011A,1,453,453,$990.91,$448.88,$0.00,$0.00
Supplier,Ogden Newspapers,Webster City,11/15/25,,,OVOL USA,64100932025113,Hi-Brite,KruBrite 80 Offset,51.8 ,864.00 mm,N3GL01K231F,1,454,454,$990.91,$449.87,$0.00,$0.00
Supplier,Ogden Newspapers,Webster City,11/15/25,,,OVOL USA,64100932025113,Hi-Brite,KruBrite 80 Offset,51.8 ,864.00 mm,N3GL01K231D,1,453,453,$990.91,$448.88,$0.00,$0.00
Supplier,Ogden Newspapers,Webster City,11/15/25,,,OVOL USA,64100932025113,Hi-Brite,KruBrite 80 Offset,51.8 ,864.00 mm,N3GL01K231A,1,455,455,$990.91,$450.86,$0.00,$0.00
Supplier,Ogden Newspapers,Webster City,11/15/25,,,OVOL USA,64100932025113,Hi-Brite,KruBrite 80 Offset,51.8 ,864.00 mm,N3GL01K226F,1,460,460,$990.91,$455.82,$0.00,$0.00
Supplier,Ogden Newspapers,Webster City,11/15/25,,,OVOL USA,64100932025113,Hi-Brite,KruBrite 80 Offset,51.8 ,864.00 mm,N3GL01K226E,1,460,460,$990.91,$455.82,$0.00,$0.00
Supplier,Ogden Newspapers,Webster City,11/15/25,,,OVOL USA,64100932025113,Hi-Brite,KruBrite 80 Offset,51.8 ,864.00 mm,N3GL01K226C,1,458,458,$990.91,$453.84,$0.00,$0.00
Supplier,Ogden Newspapers,Webster City,5/11/26,5/6/26,IA202604,OVOL USA,531016980,Newsprint,Inland Newsprint,45 ,864.00 mm,IEP56E0507155,1,468,468,$790.00,$369.72,$0.00,$0.00
Supplier,Ogden Newspapers,Webster City,5/11/26,5/6/26,IA202604,OVOL USA,531016980,Newsprint,Inland Newsprint,45 ,864.00 mm,IEP56E0507140,1,470,470,$790.00,$371.30,$0.00,$0.00
Supplier,Ogden Newspapers,Webster City,5/11/26,5/6/26,IA202604,OVOL USA,531016980,Newsprint,Inland Newsprint,45 ,864.00 mm,IEP56E0507116,1,467,467,$790.00,$368.93,$0.00,$0.00
Supplier,Ogden Newspapers,Webster City,5/11/26,5/6/26,IA202604,OVOL USA,531016980,Newsprint,Inland Newsprint,45 ,864.00 mm,IEP56E0501816,1,453,453,$790.00,$357.87,$0.00,$0.00
Supplier,Ogden Newspapers,Webster City,5/11/26,5/6/26,IA202604,OVOL USA,531016980,Newsprint,Inland Newsprint,45 ,864.00 mm,IEP56E0501716,1,477,477,$790.00,$376.83,$0.00,$0.00
Supplier,Ogden Newspapers,Webster City,5/11/26,5/6/26,IA202604,OVOL USA,531016980,Newsprint,Inland Newsprint,45 ,864.00 mm,IEP56E0501655,1,452,452,$790.00,$357.08,$0.00,$0.00
Supplier,Ogden Newspapers,Webster City,5/11/26,5/6/26,IA202604,OVOL USA,531016980,Newsprint,Inland Newsprint,45 ,864.00 mm,IEP56E0501640,1,452,452,$790.00,$357.08,$0.00,$0.00
Supplier,Ogden Newspapers,Webster City,5/11/26,5/6/26,IA202604,OVOL USA,531016980,Newsprint,Inland Newsprint,45 ,864.00 mm,IEP56E0501616,1,451,451,$790.00,$356.29,$0.00,$0.00
Supplier,Ogden Newspapers,Webster City,5/11/26,5/6/26,IA202604,OVOL USA,531016980,Newsprint,Inland Newsprint,45 ,864.00 mm,IEP56E0501601,1,447,447,$790.00,$353.13,$0.00,$0.00
Supplier,Ogden Newspapers,Webster City,5/11/26,5/6/26,IA202604,OVOL USA,531016980,Newsprint,Inland Newsprint,45 ,864.00 mm,IEP56E0501555,1,452,452,$790.00,$357.08,$0.00,$0.00
Supplier,Ogden Newspapers,Webster City,5/11/26,5/6/26,IA202604,OVOL USA,531016980,Newsprint,Inland Newsprint,45 ,864.00 mm,IEP56E0501540,1,452,452,$790.00,$357.08,$0.00,$0.00
Supplier,Ogden Newspapers,Webster City,5/11/26,5/6/26,IA202604,OVOL USA,531016980,Newsprint,Inland Newsprint,45 ,864.00 mm,IEP56E0501516,1,452,452,$790.00,$357.08,$0.00,$0.00
Supplier,Ogden Newspapers,Webster City,5/11/26,5/6/26,IA202604,OVOL USA,531016980,Newsprint,Inland Newsprint,45 ,864.00 mm,IEP56E0501501,1,448,448,$790.00,$353.92,$0.00,$0.00
Supplier,Ogden Newspapers,Webster City,5/11/26,5/6/26,IA202604,OVOL USA,531016980,Newsprint,Inland Newsprint,45 ,864.00 mm,IEP56E0501455,1,451,451,$790.00,$356.29,$0.00,$0.00
Supplier,Ogden Newspapers,Webster City,5/11/26,5/6/26,IA202604,OVOL USA,531016980,Newsprint,Inland Newsprint,45 ,864.00 mm,IEP56E0501440,1,451,451,$790.00,$356.29,$0.00,$0.00
Supplier,Ogden Newspapers,Webster City,5/11/26,5/6/26,IA202604,OVOL USA,531016980,Newsprint,Inland Newsprint,45 ,864.00 mm,IEP56E0501416,1,451,451,$790.00,$356.29,$0.00,$0.00
Supplier,Ogden Newspapers,Webster City,5/11/26,5/6/26,IA202604,OVOL USA,531016980,Newsprint,Inland Newsprint,45 ,864.00 mm,IEP56E0501401,1,447,447,$790.00,$353.13,$0.00,$0.00
Supplier,Ogden Newspapers,Webster City,5/11/26,5/6/26,IA202604,OVOL USA,531016980,Newsprint,Inland Newsprint,45 ,864.00 mm,IEP56E0501355,1,451,451,$790.00,$356.29,$0.00,$0.00
Supplier,Ogden Newspapers,Webster City,5/11/26,5/6/26,IA202604,OVOL USA,531016980,Newsprint,Inland Newsprint,45 ,864.00 mm,IEP56E0501340,1,451,451,$790.00,$356.29,$0.00,$0.00
Supplier,Ogden Newspapers,Webster City,5/11/26,5/6/26,IA202604,OVOL USA,531016980,Newsprint,Inland Newsprint,45 ,864.00 mm,IEP56E0501316,1,451,451,$790.00,$356.29,$0.00,$0.00
Supplier,Ogden Newspapers,Webster City,5/11/26,5/6/26,IA202604,OVOL USA,531016980,Newsprint,Inland Newsprint,45 ,864.00 mm,IEP56E0501301,1,447,447,$790.00,$353.13,$0.00,$0.00
Supplier,Ogden Newspapers,Webster City,5/11/26,5/6/26,IA202604,OVOL USA,531016980,Newsprint,Inland Newsprint,45 ,864.00 mm,IEP56E0501284,1,442,442,$790.00,$349.18,$0.00,$0.00
Supplier,Ogden Newspapers,Webster City,5/11/26,5/6/26,IA202604,OVOL USA,531016980,Newsprint,Inland Newsprint,45 ,864.00 mm,IEP56E0501260,1,450,450,$790.00,$355.50,$0.00,$0.00
Supplier,Ogden Newspapers,Webster City,5/11/26,5/6/26,IA202604,OVOL USA,531016980,Newsprint,Inland Newsprint,45 ,864.00 mm,IEP56E0501245,1,451,451,$790.00,$356.29,$0.00,$0.00
Supplier,Ogden Newspapers,Webster City,5/11/26,5/6/26,IA202604,OVOL USA,531016980,Newsprint,Inland Newsprint,45 ,864.00 mm,IEP56E0501221,1,448,448,$790.00,$353.92,$0.00,$0.00
Supplier,Ogden Newspapers,Webster City,5/11/26,5/6/26,IA202604,OVOL USA,531016980,Newsprint,Inland Newsprint,45 ,864.00 mm,IEP56E0501206,1,449,449,$790.00,$354.71,$0.00,$0.00
Supplier,Ogden Newspapers,Webster City,5/11/26,5/6/26,IA202604,OVOL USA,531016980,Newsprint,Inland Newsprint,45 ,864.00 mm,IEP56E0416884,1,453,453,$790.00,$357.87,$0.00,$0.00
Supplier,Ogden Newspapers,Webster City,5/11/26,5/6/26,IA202604,OVOL USA,531016980,Newsprint,Inland Newsprint,45 ,864.00 mm,IEP56E0416860,1,465,465,$790.00,$367.35,$0.00,$0.00
Supplier,Ogden Newspapers,Webster City,5/11/26,5/6/26,IA202604,OVOL USA,531016980,Newsprint,Inland Newsprint,45 ,864.00 mm,IEP56E0416845,1,466,466,$790.00,$368.14,$0.00,$0.00
Supplier,Ogden Newspapers,Webster City,5/11/26,5/6/26,IA202604,OVOL USA,531016980,Newsprint,Inland Newsprint,45 ,864.00 mm,IEP56E0416821,1,464,464,$790.00,$366.56,$0.00,$0.00
Supplier,Ogden Newspapers,Webster City,5/11/26,5/6/26,IA202604,OVOL USA,531016980,Newsprint,Inland Newsprint,45 ,864.00 mm,IEP56E0416806,1,462,462,$790.00,$364.98,$0.00,$0.00
Supplier,Ogden Newspapers,Webster City,5/11/26,5/6/26,IA202604,OVOL USA,531016980,Newsprint,Inland Newsprint,45 ,864.00 mm,IEP56E0416784,1,446,446,$790.00,$352.34,$0.00,$0.00
Supplier,Ogden Newspapers,Webster City,5/11/26,5/6/26,IA202604,OVOL USA,531016980,Newsprint,Inland Newsprint,45 ,864.00 mm,IEP56E0416760,1,458,458,$790.00,$361.82,$0.00,$0.00
Supplier,Ogden Newspapers,Webster City,5/11/26,5/6/26,IA202604,OVOL USA,531016980,Newsprint,Inland Newsprint,45 ,864.00 mm,IEP56E0416745,1,458,458,$790.00,$361.82,$0.00,$0.00
Supplier,Ogden Newspapers,Webster City,5/11/26,5/6/26,IA202604,OVOL USA,531016980,Newsprint,Inland Newsprint,45 ,864.00 mm,IEP56E0416721,1,457,457,$790.00,$361.03,$0.00,$0.00
Supplier,Ogden Newspapers,Webster City,5/11/26,5/6/26,IA202604,OVOL USA,531016980,Newsprint,Inland Newsprint,45 ,864.00 mm,IEP56E0416706,1,455,455,$790.00,$359.45,$0.00,$0.00
Supplier,Ogden Newspapers,Webster City,5/11/26,5/6/26,IA202604,OVOL USA,531016980,Newsprint,Inland Newsprint,45 ,864.00 mm,IEP56E0416684,1,447,447,$790.00,$353.13,$0.00,$0.00
Supplier,Ogden Newspapers,Webster City,5/11/26,5/6/26,IA202604,OVOL USA,531016980,Newsprint,Inland Newsprint,45 ,864.00 mm,IEP56E0416660,1,458,458,$790.00,$361.82,$0.00,$0.00
Supplier,Ogden Newspapers,Webster City,5/11/26,5/6/26,IA202604,OVOL USA,531016980,Newsprint,Inland Newsprint,45 ,864.00 mm,IEP56E0416645,1,458,458,$790.00,$361.82,$0.00,$0.00
Supplier,Ogden Newspapers,Webster City,5/11/26,5/6/26,IA202604,OVOL USA,531016980,Newsprint,Inland Newsprint,45 ,864.00 mm,IEP56E0416621,1,457,457,$790.00,$361.03,$0.00,$0.00
Supplier,Ogden Newspapers,Webster City,5/11/26,5/6/26,IA202604,OVOL USA,531016980,Newsprint,Inland Newsprint,45 ,864.00 mm,IEP56E0416606,1,455,455,$790.00,$359.45,$0.00,$0.00
Supplier,Ogden Newspapers,Webster City,5/11/26,5/6/26,IA202604,OVOL USA,531016980,Newsprint,Inland Newsprint,45 ,864.00 mm,IEP56E0101270,1,482,482,$790.00,$380.78,$0.00,$0.00
Quantity Subtotals: ,,,,,,,,,,,,,79,"37,740","37,740",,"$34,017.07",,$0.00
,,,,,,,,,,,,,,,,,,,
Quantity Totals: ,,,,,,,,,,,,,"1,527","360,467","360,467",,"$267,711.56",,$0.00